5.793574346567043065e-02,1.334575055894272833e+00,-7.462165845819646037e-01,1.242397042292600062e-01,-1.131024237642793029e+00,-1.665059772216536782e+00,1.074629107787224758e+00,9.268856870209551957e-02,1.000000000000000000e+00
8.996741776956218573e-02,-1.286939277101836865e+00,1.360865991643668060e+00,-1.507495123658388891e-01,-1.748170433894095321e+00,1.074906578930953760e+00,-1.849464657068091267e+00,-1.388649710153396111e+00,0.000000000000000000e+00
5.544109565789532290e-01,-3.629611093086175799e-01,-1.228014752829061695e+00,-1.137842017381865745e+00,-2.045203337062950766e-02,1.757573373681598383e+00,1.474053536914178064e+00,-3.178035347818548573e-01,1.000000000000000000e+00
3.616940588207073759e-02,-1.385651661028890924e+00,-3.801596693860695986e-01,-1.268089562767652723e+00,-1.912506037638638023e+00,1.990718980731493559e+00,-5.714051851368808776e-01,-7.650844912633081307e-02,0.000000000000000000e+00
1.523470357517911822e+00,6.652556322036637937e-01,2.222851077837573186e-02,3.331469353167109126e-01,1.761719413257527567e+00,1.413730850748216028e+00,1.443606706638933534e+00,1.566685836587927039e+00,1.000000000000000000e+00
-1.679066813115312584e+00,-1.307806445595482092e+00,1.717267460819805081e+00,1.247306736804349558e+00,1.714372445352692953e+00,1.304484602568167340e+00,1.478338340988839761e+00,1.632300018587791168e+00,1.000000000000000000e+00
1.875891885287853889e+00,1.949981029888445683e+00,-8.652393624551688589e-01,-4.193126547220580314e-01,-7.898229508325949055e-02,1.045090301573365910e+00,-5.098046453491278385e-01,1.581499956821512676e+00,1.000000000000000000e+00
8.569772976580343204e-01,-1.187846139997676076e+00,-3.451006538148169156e-01,1.508510096759461572e+00,-3.357261524871333336e-01,8.212195847880616739e-01,-7.772122142561070923e-01,-7.191632519897366294e-01,0.000000000000000000e+00
6.101113645924853834e-01,-9.291430546385366362e-01,7.260790202428699658e-01,6.994813705433813311e-01,3.367147970294270820e-01,5.490281855831087299e-01,1.600680339426790333e+00,-1.306005127936071819e+00,1.000000000000000000e+00
-8.021159934014283621e-01,2.729648004606888279e-02,3.343247838570149177e-01,3.374466773488071780e-01,-1.129433511687903291e+00,1.182652496457393010e+00,-8.921578881140121986e-01,1.497379811886071721e+00,1.000000000000000000e+00
-1.117916575095459830e+00,1.297596320431027461e+00,9.252288512117381458e-01,1.224736081184646164e+00,1.278925376554838067e-01,3.715196300928633732e-01,1.874207191910743919e+00,1.790992114480938202e+00,1.000000000000000000e+00
2.510182223024401971e-01,-4.509989115638766144e-01,1.051666224082512091e+00,-8.206325531057867551e-02,2.798478662293746311e-01,9.099808774356197283e-01,-5.648587204640946879e-01,-5.317873081112041156e-01,1.000000000000000000e+00
1.189505635510580639e+00,-4.076815295126801075e-01,-1.604477663576040047e+00,-8.249616762449645258e-01,1.651747375519513561e+00,-1.490888777393913678e+00,-1.130505930990949093e+00,1.579149099743099249e+00,1.000000000000000000e+00
7.644509348061490073e-04,-3.928042831233780063e-01,1.433098527833724933e+00,4.877087951890155537e-01,-1.951073776322647113e-01,-1.425383722643809303e+00,1.128976957934097580e+00,1.328009172263529436e+00,1.000000000000000000e+00
-1.930101069627313315e+00,-7.998243575529353500e-01,-1.931149890118538881e+00,-7.546617789004090859e-01,6.388187572430399364e-01,1.288938878922025744e+00,-1.598020788576905993e-01,9.466471628086372547e-01,1.000000000000000000e+00
-1.772758378988015249e+00,-1.900195946410199177e+00,1.106182680195622936e+00,1.274733819930770284e+00,1.446220195317018398e+00,4.638029294162744343e-01,1.712842395592372835e+00,-1.724768412747769375e+00,1.000000000000000000e+00
9.206014068267291961e-01,-1.111956882706619520e+00,-2.971811614655512912e-01,-1.981172233046287534e+00,1.506930113351041545e+00,6.986423074812266876e-01,6.672817046460499668e-01,-8.833215204766897699e-02,0.000000000000000000e+00
-1.347609145682662213e+00,-2.594898197151001007e-01,5.302843185861494391e-01,-1.955288325560069929e+00,1.955918825514342263e+00,4.500686095253807473e-01,-1.626808466733030478e+00,1.117278714786172245e+00,0.000000000000000000e+00
1.065310095109748723e+00,1.212108332414056910e+00,-1.312478498379619829e+00,1.545104785009331128e+00,5.993375797133642102e-01,-1.131971373507049350e+00,-1.682626901369542960e+00,1.871476730238010866e-01,0.000000000000000000e+00
3.006690451425493293e-01,-1.681404226469890961e+00,8.356533883948147334e-02,1.009357640519966903e+00,-3.783642998348435427e-02,-1.929832186888957857e-01,-6.996940311101464971e-01,-4.067867983385227149e-01,0.000000000000000000e+00
1.022252925684221214e+00,-5.825217880461419639e-02,1.524695431431766668e+00,-1.081619679057737926e+00,1.971182603073724948e+00,-8.469897685070653104e-01,-8.334470115309851046e-01,9.144499067067863862e-01,0.000000000000000000e+00
1.686560575057992395e+00,3.735313588724755718e-01,1.979363522958086374e+00,1.744805249304865136e+00,-1.645736288596834296e+00,1.746436283266277201e+00,3.823013270867221536e-01,-1.105058025022624069e+00,0.000000000000000000e+00
1.576357961170440802e+00,-1.975233566585580469e+00,1.676283827689386552e+00,1.037078347975320725e+00,1.631169946395675918e+00,-6.434387688395610816e-01,-3.536709302927310006e-01,1.236041983069903871e+00,0.000000000000000000e+00
-1.678137340981235681e+00,6.389843891894457784e-01,8.963929314741903021e-01,1.883926158731580536e+00,2.493676066353964771e-01,-3.637068768147737607e-01,-9.590947967686291875e-01,9.742066031009430915e-01,0.000000000000000000e+00
1.289689779968571592e+00,3.876764399497250047e-01,7.655991213943269535e-01,-1.248199367538140869e-01,5.068040933396713577e-01,1.370897240731630440e+00,1.153538322870318655e+00,-8.352500415871424444e-01,1.000000000000000000e+00
8.946046390402284665e-01,-3.580484883545458352e-01,1.018955316638885833e+00,4.199424015815140798e-01,-8.665400072641324947e-01,1.690847318083636530e+00,1.970378430477904619e+00,1.851186765340625762e+00,1.000000000000000000e+00
-2.638281217878075680e-01,1.377336095566445984e+00,1.800350976966470284e+00,5.588211325158125575e-01,-1.312962682224944722e+00,1.471138876127773720e+00,8.367062471823429881e-01,7.313082409593669730e-01,1.000000000000000000e+00
1.831942704367642616e+00,-1.418100715208847618e+00,1.019048584164770510e+00,-5.646469468688857241e-01,-1.107034961730669842e+00,-2.583792093555050684e-01,-1.798527068034480259e+00,-5.433996687400011183e-02,0.000000000000000000e+00
-2.437647112857850296e-01,1.006323817856791258e-01,-3.506751856303464976e-01,5.025130550936163232e-01,-9.278483737721843205e-01,-2.569130458328223732e-01,5.614551188623284617e-01,-6.895936619472458062e-01,1.000000000000000000e+00
1.614379771498226201e+00,1.655129087592803305e+00,6.331851550546319096e-01,-1.466352654993922755e+00,-1.994596815145111890e+00,-1.337494387524796657e+00,-8.463987554645822087e-01,1.160528500385827222e+00,0.000000000000000000e+00
1.400014469184625021e-01,5.958219607934562845e-01,1.366962935847004346e+00,-1.482186187029070901e-01,4.525049198340802548e-01,1.562044759408494965e+00,9.315405227223436668e-01,-1.232683901048048369e-01,0.000000000000000000e+00
1.533124697248120949e+00,1.892254222961791132e+00,-1.223717303918295141e+00,2.290301976839086429e-01,2.955604808464005195e-01,-9.921085587255702443e-01,-6.307784637731663757e-01,-3.025465314281956530e-01,1.000000000000000000e+00
-7.521514872543408892e-01,-5.567248681355745354e-01,-7.908146698110560813e-01,1.362986336834818069e+00,1.389259283440047454e-01,9.471073752366354626e-01,6.567875845340336305e-01,-3.354469683693657167e-01,0.000000000000000000e+00
-9.116102949228332974e-01,1.496746566045585869e+00,-4.078337171348751511e-01,-7.538678607711366553e-01,-1.834643149221350633e+00,-1.787265902659397998e+00,5.607574042183998131e-01,-1.209156949711313267e+00,1.000000000000000000e+00
-8.617227741205746305e-01,1.767213321178915386e-01,-9.556397408312022890e-01,-5.154584192096498541e-01,5.262154334284905310e-01,-3.424030830925586244e-01,-1.227063015946727731e-01,1.315432182041204712e+00,1.000000000000000000e+00
1.802371925501704553e+00,1.761520969025541561e+00,1.977764672628560927e+00,7.881503723600209455e-01,-1.272569687012618189e+00,-1.035296220390794275e+00,8.555673975962436728e-01,-1.335356272218266138e+00,1.000000000000000000e+00
-1.177881720540836508e+00,-5.781329736014413356e-01,-5.288694872850783213e-01,-1.186256580781988479e+00,6.467592840867562032e-01,6.255783475373730695e-01,-2.577155319291941638e-01,-1.210045165640059039e-01,0.000000000000000000e+00
-8.646634335783645042e-01,-3.429193318378196409e-01,-1.410580369104489140e+00,2.969937242697961999e-01,-4.056264353636631625e-01,7.514892979514775639e-01,3.341776811929841884e-01,9.795240086155176940e-01,1.000000000000000000e+00
6.315060418201627890e-01,5.209523696089513045e-01,-4.090017709656956768e-02,5.241128010469866538e-01,-1.948957671546235115e+00,-1.223632815534316798e-01,-1.100910327049786197e+00,-1.428564731018600487e+00,1.000000000000000000e+00
4.392499697120060276e-01,5.209553642731084011e-01,1.171001219709000729e+00,-4.729965609163824247e-01,-1.070843435233807206e+00,-1.087462517818052810e+00,-1.456994446801827880e+00,1.669286346178285196e+00,1.000000000000000000e+00
-8.872872006602192663e-01,-2.815680312813588770e-01,1.424788112985626132e+00,-1.080729449455821722e-01,3.415463683960684449e-01,-1.061222661537874146e+00,-1.146806177960399964e-01,9.080917822832335062e-02,1.000000000000000000e+00
-9.844505573148931710e-01,1.817018485627141633e+00,-1.073969787296161105e+00,-6.175021813556718087e-01,1.968222445907414464e+00,-7.396333968107384749e-01,7.846805101646587843e-01,-6.201879392343156994e-01,1.000000000000000000e+00
1.893090939213392776e+00,1.460396369427145125e+00,-9.238781628494714404e-01,1.806171583561154925e+00,1.207368576243166292e+00,-1.393461671194466067e+00,8.652538157478719683e-01,1.059498281020014865e+00,0.000000000000000000e+00
5.178361347284266003e-01,1.685772015545353053e+00,1.870665060439545613e+00,-7.811908388763209032e-01,1.100584638747599264e-01,1.400286371088660164e+00,6.808450102202576737e-01,9.406544971822317081e-02,1.000000000000000000e+00
-2.971883864544944132e-02,6.261541942279151840e-01,4.653581909473327727e-01,-1.983749960597373185e+00,1.716823770552213801e-01,1.744369037646926746e+00,1.028084134850961728e+00,1.990685374434340016e+00,1.000000000000000000e+00
-1.218466848571135408e+00,1.939325869141083736e+00,1.813868116048032331e+00,-1.043692780665841369e+00,-1.355942127821554433e+00,-3.934192983036548519e-01,-1.393062106427507718e+00,-6.076829969380139751e-01,1.000000000000000000e+00
1.323264118151303848e+00,-1.694483954232007150e+00,-1.300658867024551579e+00,-3.032457457409845070e-01,-1.866448447323967308e-01,1.765512129759937654e+00,-1.696214715799342354e+00,2.721075107220425338e-01,0.000000000000000000e+00
-1.916229511860059187e+00,1.449627810173774733e+00,2.906582099448766776e-01,-1.248147486539745721e+00,3.391698609785493979e-01,6.635072296119508550e-01,2.574431420266520831e-02,1.728917122377028104e+00,1.000000000000000000e+00
-1.269727782629841428e+00,-2.913244406136423770e-01,1.532795545596063569e+00,-1.682189217040789497e+00,8.161082976550249057e-02,1.243754899635412414e+00,1.977375688568428824e+00,5.750255111333744118e-01,0.000000000000000000e+00
-3.373461430714375098e-02,-1.096459921266128568e-01,-5.427063735657520205e-01,7.492894247686496811e-01,-1.813756710061872557e+00,-1.013206331367519031e+00,-4.741235264319878517e-01,-1.599205259332757478e+00,1.000000000000000000e+00
-1.981494914377899708e+00,-7.706434226405356469e-01,1.954498646193773226e+00,6.742282828705423725e-01,-4.153879756861580397e-01,-1.350712709274550782e+00,4.155133687925824937e-01,5.181256270050349499e-01,1.000000000000000000e+00
8.807905568743672475e-01,1.140530245339030468e+00,-1.736475211766639326e-01,3.801463921211434283e-01,1.660049694871611692e+00,-5.330038516063346776e-01,2.070715809226277848e-01,-1.896524540604939801e+00,1.000000000000000000e+00
-5.833202738937455223e-01,1.287608742775632642e+00,-1.145291588330853205e+00,-1.850132272616584750e+00,2.870263277128790591e-01,6.638528160422056956e-01,-4.116017508691927063e-02,1.667145206938236868e+00,0.000000000000000000e+00
9.106777399874577128e-01,3.092489585527724572e-01,-8.370375319485794385e-01,1.133814191346506295e+00,-1.715252543009845976e+00,1.880729002978194231e+00,-1.466448119335669098e+00,-5.736162684190841965e-01,0.000000000000000000e+00
-1.272222487689624870e-01,-1.934676375921102309e+00,-5.767499814767664823e-01,1.648035178709258197e+00,-5.484416909247693539e-01,-1.235675419885744031e+00,-7.016607247132107261e-01,1.217541857582163267e+00,0.000000000000000000e+00
-1.677208257543036041e+00,1.332152072490011996e+00,-1.918794329486293027e+00,-8.446758427126472846e-01,1.529038248068914640e+00,1.490314188208583523e+00,1.142454843250364060e+00,1.163365419290197433e+00,1.000000000000000000e+00
1.039900055674363166e-01,1.508366591922829514e-01,1.389040041595787756e+00,-7.583553341687263583e-01,-1.382608604272415498e+00,-1.397286640984031436e+00,-1.725959210528008381e+00,1.309378642317056585e+00,0.000000000000000000e+00
-1.302429821772399965e+00,1.896171349077264257e+00,1.623218188930268813e+00,9.291635853811097689e-03,6.112690611885476244e-01,1.113347493548972444e+00,7.730818331888906769e-01,-1.970142324827965918e+00,1.000000000000000000e+00
5.044572340705455460e-02,1.904129708939698240e+00,-9.202227090478025673e-01,1.987246063387828166e+00,7.956722240664562129e-01,-9.259020232029886444e-01,-3.941724527659009603e-01,-8.519061496936122246e-01,0.000000000000000000e+00
1.605115583337329177e+00,-1.303566736713124730e+00,-9.613601156389370850e-01,1.067240517091252450e+00,8.488524169290827537e-01,-1.469256278047232911e-01,-1.069177055936328280e+00,-1.576750357637092037e+00,0.000000000000000000e+00
1.673790644220362722e+00,-9.683104745611652575e-01,5.350825032334820541e-01,-1.345701011715371820e+00,6.511553255440056809e-01,7.759993709374568560e-01,1.237238063249101572e+00,-3.808210268878058358e-01,1.000000000000000000e+00
-6.000156732726336095e-01,-8.800608835664704976e-01,4.072053826504671292e-01,-1.051883347422601478e+00,-1.581658507281487047e+00,1.166379043540047178e+00,1.672623646570150946e+00,-8.567282015585826471e-01,1.000000000000000000e+00
4.577593884035557892e-02,-5.858579907382694962e-01,-1.565653878903124685e+00,-8.255891225917508791e-01,1.631708560431159416e+00,-6.280408886953798842e-01,8.801343159692511797e-01,1.924865797781967647e+00,1.000000000000000000e+00
6.014493364381046092e-02,-5.112124573583454179e-03,-7.777742229093527193e-01,1.017467558087871371e+00,-5.691993221498679034e-01,1.753958466393206184e+00,-1.817792091329759163e+00,1.527288280456201353e+00,0.000000000000000000e+00
-3.288607542883315027e-01,-8.191533961392511998e-01,-1.135880091079495280e-01,2.867782342802462914e-01,1.195631557081805241e+00,-1.117605814347482074e+00,-1.988269464016123589e+00,2.552499683375279993e-01,0.000000000000000000e+00
-9.397402674797690203e-01,1.550714907063395209e+00,-1.700301802186503508e+00,1.586910810447243136e+00,2.163931961126217551e-01,-4.504972958742872180e-01,-5.474020181957550690e-01,-9.061503562280779356e-01,0.000000000000000000e+00
9.307357299173224519e-01,1.787043159595715913e+00,1.289180533965968767e+00,1.895857376381167025e+00,-1.536387196583639536e+00,4.491215587033039469e-01,-4.058036800159396940e-01,1.353357684921594473e+00,0.000000000000000000e+00
-1.190545638345114732e+00,1.019547316087996869e+00,-1.314190272688467775e+00,8.985060229825099221e-01,8.897057744004883695e-01,-6.452853881853819473e-01,-1.624563211248299499e+00,-1.925074392968779691e-01,0.000000000000000000e+00
-3.305591415301472047e-01,1.466104673536602121e+00,-1.028264548394156375e+00,-1.834580510199370185e+00,4.580943097056824342e-01,-9.695437452727899696e-01,4.191193142142566330e-01,1.689539418167495199e+00,0.000000000000000000e+00
-6.450090779426203014e-01,-3.521767210927277958e-01,1.380133658465798607e+00,1.379879372329666953e+00,1.536970885331489178e+00,-2.857404026683583176e-01,8.711348997399603888e-02,1.778027320253125598e+00,0.000000000000000000e+00
-1.960468533398713298e+00,-6.940947929851826181e-01,-1.066087292175803114e+00,-6.460945980345265127e-01,-1.651931805142441423e+00,-2.438031261965889485e-02,-1.105540912656080010e+00,-1.695774267160239379e+00,1.000000000000000000e+00
-1.878731261358864479e+00,-1.578280808862750018e+00,-1.130476363266410100e+00,1.930370470519630732e+00,1.069250991977144238e-01,2.000024305372489763e-01,1.667600848764037025e+00,9.455757201226839825e-01,0.000000000000000000e+00
-1.719209372860328600e-01,1.566464448650116470e+00,1.874845140696873802e+00,-1.968239665487117485e+00,-1.998383537828182455e+00,1.378033490820825158e+00,1.272814130948106914e+00,-8.200246691445536307e-01,0.000000000000000000e+00
4.968028434741045274e-02,1.168145854905838998e+00,-4.880960831990241999e-01,-2.915640304772493252e-02,1.893205432720100223e+00,-9.942817737742495332e-01,4.768307611583404437e-01,7.270369371571296924e-01,1.000000000000000000e+00
5.089556579766303379e-01,1.509710537027635802e+00,-4.342805639283535690e-01,1.723143825520569106e+00,1.210576290403535538e+00,4.506255723021790338e-01,3.775922392732575794e-01,-1.050965333867083018e+00,0.000000000000000000e+00
5.690591104088280616e-01,3.273061641970889113e-01,-5.604072281061363014e-01,1.794890463231476829e+00,-2.020956040154868738e-01,-4.921349200711313543e-01,8.074215594483331593e-01,1.259415549044303972e+00,0.000000000000000000e+00
1.418774936684339849e+00,-1.990592073017391161e+00,-1.586774527566502613e+00,1.582102587828542184e-01,1.934097966394383139e+00,-1.875322812443142251e+00,1.762869385581549597e+00,6.361436482240150347e-01,1.000000000000000000e+00
1.991881555208853349e+00,1.283128592388520062e+00,1.044369577840986718e+00,1.017304396743392125e+00,-1.510045620169954805e+00,1.300511604888392014e+00,1.607851890577384424e+00,8.241915832176700540e-01,1.000000000000000000e+00
-1.694071165700422821e+00,-1.016133170138790565e+00,6.068003433674729052e-01,-5.019260985228464200e-01,-3.954349388622713235e-03,1.742524621213502822e+00,-1.150208898057413442e+00,1.337204049502747960e+00,1.000000000000000000e+00
1.318947009896968670e+00,-6.720498021215850493e-01,-1.112490837850184988e+00,-1.632572983033291347e+00,1.735880914898257465e+00,6.315435427734810148e-01,1.623774731943182115e+00,-5.382151344822587724e-01,0.000000000000000000e+00
1.457716378104748856e+00,-6.273547159323094036e-01,-9.421541881736805735e-01,-7.230755171850673513e-01,1.966511351822881615e-01,2.720084039846271118e-01,-7.549923770880684337e-01,1.538955655760825714e+00,1.000000000000000000e+00
1.386614163139032296e+00,-4.079528733065642676e-01,-6.844610272399620499e-01,-1.842065251872329945e+00,-1.861429621197646433e+00,-1.425768125118113794e+00,-8.586538616633307974e-01,1.548206529492670569e-01,0.000000000000000000e+00
8.361288629529162186e-01,1.129678654073334787e+00,-1.114390401016343901e+00,7.446169612975475083e-01,-1.344243505360704916e-01,-1.847995774214615583e+00,-1.601143720874519616e+00,2.799948158623903893e-01,0.000000000000000000e+00
-1.556656449445867896e+00,1.443035211112812188e+00,1.056540065764176362e+00,4.103566590906368994e-01,-7.777392205485225141e-01,4.151671290354648214e-01,-9.105058834323926931e-01,-4.819529331872915989e-01,1.000000000000000000e+00
9.238146604384294136e-01,5.804401959403606703e-01,-1.195846182271318447e-01,1.446430012456028535e+00,-9.887792766474885475e-01,-9.431665842424656887e-01,-6.359769589585417826e-01,2.844502034455511641e-01,0.000000000000000000e+00
6.977260765986286195e-01,1.108844509890702490e+00,1.837948643458046760e+00,-1.787577181767980417e+00,-2.916165045851748516e-02,1.676479370623114917e+00,-1.050453125433367774e+00,-8.794521706809219630e-01,0.000000000000000000e+00
-2.583820021333296246e-01,1.715347499116284702e+00,-1.266463727181674770e-01,4.994438605804352171e-01,-1.627827498873708034e+00,-9.726480760490519017e-01,-4.443920842756705625e-01,1.176871221335251239e+00,1.000000000000000000e+00
-1.669217140033447677e-01,1.919576400403527394e+00,1.337018375188216979e-01,-9.000634989271389941e-01,-1.830741555540061238e+00,-1.770870668689911831e+00,9.867761650055890676e-01,1.751802067948995401e+00,1.000000000000000000e+00
1.742996620308291611e+00,1.362392760846081519e+00,9.026479782058594026e-02,-1.709792786990561808e+00,-1.334531739173579368e+00,-1.593950674826620784e+00,1.665930769678233947e+00,7.094202903781234859e-01,0.000000000000000000e+00
-6.625677854451299531e-01,1.562614482809020267e+00,3.669265068376668104e-01,7.400905121027756550e-02,9.245778115427403243e-01,-4.309234626467834950e-01,4.896238025721322273e-02,-7.687579080999800141e-01,1.000000000000000000e+00
-1.395748936335230006e+00,-8.380479500588147168e-01,5.784310454427363801e-01,1.931400757470654650e+00,7.879758178229407939e-01,-1.974384361796114540e+00,1.972290684151943641e+00,1.182914152381105755e+00,0.000000000000000000e+00
-1.419612964684669354e+00,-1.546077717490683678e+00,2.485819573845260422e-02,2.394035371004750168e-01,-4.626251903064888538e-01,9.749915945747966717e-02,4.135211441844299785e-01,1.483090643553458321e+00,1.000000000000000000e+00
4.705167984124352110e-01,5.144690159833609222e-01,1.286367822145118023e+00,1.681911162404229554e+00,8.025698851068652218e-02,-4.413325384461685985e-02,3.418434749778844761e-01,-1.370319530215565074e+00,0.000000000000000000e+00
-1.117480939017966080e+00,-1.145299701084468325e+00,1.116931469287503642e+00,1.701309053662122928e+00,-3.120849055380503501e-02,3.793497257107647513e-01,5.293159633980106804e-01,6.392195666641078411e-01,0.000000000000000000e+00
-2.975236972081236608e-01,1.894359998039377935e+00,-1.426243904387114014e+00,9.592551462401268658e-01,-4.811759369395351982e-01,-1.388538214039821472e+00,-1.955425683351168509e-01,-9.428018581322072933e-02,1.000000000000000000e+00
3.266510886027558236e-01,1.522567567326193583e+00,3.570577242516521643e-01,1.798146314586861472e-01,3.901597024522343027e-01,-6.883245525858803227e-01,-6.765996693163143227e-01,-1.262578183065949489e+00,1.000000000000000000e+00
5.180074043857931798e-01,7.857121785335623443e-01,-1.982772951105192583e+00,1.398284371722890995e-01,1.231250476591608578e+00,-1.612983514460266221e+00,1.554997215254006804e+00,-1.897453916134346219e+00,1.000000000000000000e+00
4.633069500568236521e-01,-7.589101106492943671e-01,7.798988511388018630e-01,3.655996094590410195e-01,2.927732962305675812e-01,1.715825521459196423e+00,1.493649843278186395e+00,-5.290490702509038634e-01,1.000000000000000000e+00
1.114739524966407824e+00,-1.509170489870218290e+00,-2.126645950807182217e-02,9.732302229500806590e-01,1.269363010296788108e+00,-7.230547210592481733e-01,9.987233082418502939e-01,-8.700127520664651115e-01,1.000000000000000000e+00
-1.557168476223895759e+00,-1.268338090317584044e+00,3.081221445949862137e-01,1.773493904201074223e+00,-8.910443313836906576e-01,1.975450973640775487e+00,2.251936188466046040e-01,1.638656139335675554e+00,0.000000000000000000e+00
-1.610080322326297164e+00,7.003589800926097730e-01,-1.815082813445278997e+00,1.436171624412695635e+00,-4.466856360928455061e-01,1.697513273790553168e+00,5.429628327678623911e-01,1.305946078658020593e+00,0.000000000000000000e+00
-1.224190521408847765e+00,-1.402677060813286580e-01,1.341952926105785426e+00,1.330413332083316469e+00,-1.274030596948239058e+00,3.917173332267229746e-01,1.320996067965857446e+00,2.407583069835577128e-01,0.000000000000000000e+00
-6.728491468295194622e-02,-1.759628814093420424e+00,1.800259248532741552e+00,-4.930176910293635473e-01,1.125917202997140265e+00,-2.864949272226486876e-01,1.419706041710954825e+00,-1.632293635907454465e+00,1.000000000000000000e+00
1.032953494744197620e-01,-1.893311254741100846e+00,-1.792032556388587494e-01,5.734492214121251763e-01,-1.969071734788989669e+00,1.588005811238613951e+00,1.432841371767930028e+00,1.696942574872393195e-01,1.000000000000000000e+00
-1.625093205174554356e+00,-7.770683647724330179e-01,1.004682583679863406e+00,-8.119962228077719502e-01,1.066535439853009581e+00,1.705390844834621333e+00,7.873571599361728346e-01,-1.066348809426156841e+00,1.000000000000000000e+00
8.430443814538182146e-01,-1.572816665819641635e+00,1.445425999105739656e+00,-1.375713505883098708e+00,2.661824759306599120e-01,1.676805128670707301e+00,2.192465443702373840e-01,-1.703878579588847586e+00,0.000000000000000000e+00
6.155109802300091637e-01,1.779034796525488904e+00,1.654510035977966087e+00,-1.930111145386093074e+00,-3.194709968608382411e-01,1.983399562210595768e+00,8.377061124015212634e-01,-4.121541327690967371e-01,0.000000000000000000e+00
7.234059170677431538e-01,-1.596833119326523054e+00,-3.994633722652434216e-01,-5.764499709394428351e-01,1.897768253987637266e-01,1.205275756283536115e+00,-1.227888248681492378e+00,1.340928406906248593e+00,0.000000000000000000e+00
1.389799732959791534e+00,-7.169962878886368962e-01,-1.987765977902822723e+00,1.395948227189349300e+00,-1.554128955892882580e+00,-1.373673787922684575e+00,-1.522317520530111601e+00,8.818206307998286420e-01,0.000000000000000000e+00
-6.389714278943925407e-01,-1.418309388859642084e-01,8.509369395356123356e-01,-1.010538990885219146e+00,1.835407922000925396e+00,1.881548962424331783e+00,1.321877439196930126e-01,1.869724233882459341e+00,1.000000000000000000e+00
-2.581245388054376200e-01,4.921661677738935481e-01,2.664808182629054834e-01,-9.384881807565399470e-01,-1.526415915154368363e+00,1.098594518623050575e-01,6.232554873718472166e-01,-3.011242502277178268e-01,1.000000000000000000e+00
1.963178211821580810e+00,7.673530373600585541e-01,5.496984594668181678e-01,1.728871221503752054e+00,7.601401644117249390e-01,1.709752986756155835e+00,7.963733735771580946e-01,1.216953787311874091e+00,0.000000000000000000e+00
1.321800546775747431e+00,4.056856308047835924e-01,-7.574788793365572204e-02,-1.411811601295823504e+00,-4.510228119863635143e-02,-1.694533088747402161e+00,-7.789056919039749616e-01,-1.761913704805996961e+00,0.000000000000000000e+00
1.444276926923785620e+00,1.568498420452164144e+00,-1.352195100056704735e+00,-2.629703029746011111e-02,-7.596096222165207301e-01,2.757798703566387566e-01,1.875516290285880405e+00,1.788349249917557948e-01,1.000000000000000000e+00
4.670881333421244008e-01,-1.225191978469626797e+00,-1.714063813330835018e-02,-1.329979142022610361e-01,-1.448736565407497068e+00,1.206381386179618431e+00,1.453636128214279122e+00,6.667517794693473832e-01,1.000000000000000000e+00
4.169094543304763256e-01,-1.477731293569614301e+00,1.338417000094723530e+00,1.230605272636592140e+00,-8.266107836855738356e-01,-8.857530161103888133e-01,-1.419099285634682683e+00,1.751083195998239805e+00,0.000000000000000000e+00
-9.118378974286027727e-01,8.513325517344005888e-01,-1.134261225236405046e+00,1.200439917252299260e+00,-1.210339458011303382e+00,6.817097240169278649e-01,-4.699803176550614303e-01,-9.289277396902684281e-01,0.000000000000000000e+00
-5.368729094591833118e-01,4.350368161931164046e-01,1.463081654065836013e+00,1.520690696943334252e+00,9.516759038330002696e-01,-2.007598116410727052e-01,1.765054945775315076e+00,-1.035480152322545422e+00,0.000000000000000000e+00
-1.846916304012491850e+00,-1.729211143558067043e+00,-3.489667457469631806e-01,-1.324396492405334413e+00,-8.067335452052502021e-01,-1.182297795779606808e+00,-5.957194910723999648e-01,1.822379804717514595e+00,0.000000000000000000e+00
3.846030717479109740e-01,1.200961039499375715e+00,-1.513691359184789142e+00,7.931284873517796541e-03,7.996769122541067532e-01,1.534203144325084534e+00,8.216247800638449839e-01,-2.268145092129971729e-01,1.000000000000000000e+00
8.654108935415654180e-01,-4.211237649529921967e-01,1.654452815562656109e+00,1.629498863467355285e+00,1.438954930849313474e+00,-2.614624154587006366e-01,-8.851807620770775209e-01,1.038583033675476663e+00,0.000000000000000000e+00
-1.696529362447396494e+00,1.641820953701648822e+00,1.541669130252651065e+00,-1.176105161759946949e+00,-1.161395053833758517e+00,1.702217567632535733e-02,-2.301942369564580204e-01,1.562922039222133908e+00,1.000000000000000000e+00
-1.265371265790737443e+00,-1.852897828315686279e+00,1.286318262928030531e+00,-3.133100968957927002e-01,7.573877960296142575e-01,9.719269360264144453e-01,1.253895807905075710e+00,2.161237405984941518e-01,1.000000000000000000e+00
-1.807850659900177792e+00,-1.869407812323446105e+00,4.935299909516244199e-02,-1.506475066192312973e+00,-1.663561241363225474e+00,-1.553073452361582785e+00,1.511708298009057927e+00,-7.085847283868860202e-01,0.000000000000000000e+00
1.274117915121027345e+00,-5.441097489076609506e-01,-6.511123167009671420e-01,6.897544043057419749e-01,1.519050727660300915e+00,-4.858917523801853378e-01,1.884275627235446393e+00,8.143955696099247632e-02,1.000000000000000000e+00
3.392903814284662367e-01,1.296762983653243051e+00,-2.844946831723760283e-04,1.668233375763146675e+00,-1.344730881271851697e+00,8.566622825823584364e-01,-1.510825564920273312e+00,1.015009662011178371e+00,0.000000000000000000e+00
-1.020578156740252762e+00,-1.808160917384107780e+00,-5.985402260309808931e-01,-6.937611569954782453e-01,1.535264587494788113e+00,8.181997254426249810e-01,-1.018058113262647613e+00,5.358811945079371419e-01,0.000000000000000000e+00
1.337380704833402323e+00,9.305239323201774937e-01,-8.088866258213749383e-01,-9.535352868270030591e-01,-6.152041304838471447e-01,-1.321933259248415204e+00,-1.182563921171591481e+00,-1.833015872016113157e+00,1.000000000000000000e+00
1.846405651814446713e-01,-1.491139907327321268e-02,-7.029514859040926211e-01,1.081346590541296671e-01,-1.227101539346580505e+00,4.334789059177905912e-01,1.452615520031746321e+00,9.216374913401961244e-01,1.000000000000000000e+00
1.629312440089302871e+00,2.472971910748218427e-01,-1.109218674556304851e+00,-4.847424772116686320e-01,-6.957700997551832245e-01,-6.434014506146672474e-01,-1.004483151188966250e+00,-1.737146426526898768e+00,1.000000000000000000e+00
-1.757274790595996894e+00,-6.624703064614521075e-01,-1.958245596149650325e-01,8.388682130302029805e-01,-2.675804092135525281e-02,-1.365120346095864079e+00,7.013514037053480976e-01,8.458483819735445053e-01,0.000000000000000000e+00
1.243161690105520023e+00,-9.787865219502642766e-01,-1.679210924283707662e+00,-6.483023553763467284e-01,1.785879415431154360e+00,-8.719596977839771945e-01,-2.655258680100800461e-01,3.183728691356439988e-01,1.000000000000000000e+00
-1.671332918006802615e-01,-1.180136835979461729e+00,-1.771072805786055859e-01,-1.187843248476488256e+00,6.726508172494671811e-01,-2.426820310797057623e-01,-6.784523882071304968e-01,1.728544561344875774e-01,0.000000000000000000e+00
2.587184876982870918e-01,-1.427578447029205222e+00,1.948861936830375008e-01,4.900557085834433835e-02,9.543487225687838915e-01,-9.133327404471121014e-01,1.563831494741628525e+00,-2.957904451797594980e-01,1.000000000000000000e+00
-1.004924341449480174e+00,1.573850244864941406e+00,-1.285774673720260441e+00,1.617519644721894245e-01,1.997964392397029165e-01,1.025957674128259001e+00,1.254885700872762744e+00,9.662533326725371019e-01,1.000000000000000000e+00
-8.370929840691099244e-02,-1.137378528112181542e+00,1.961673957785259326e-01,1.995449688596948157e+00,-1.326783717846676591e+00,1.765498402495805585e+00,1.947403129389159382e+00,8.771679048932470302e-01,0.000000000000000000e+00
5.628793928016277981e-01,1.174204905616181183e+00,-6.352146938631713091e-01,1.294543057593153357e+00,-1.175958001614386905e+00,4.494382907934948435e-01,-4.686966652088693230e-01,1.978371738408800429e+00,0.000000000000000000e+00
1.911760105147857658e+00,-6.933011782986331362e-01,-1.508686289483953669e+00,5.435382976611049521e-01,6.046538703821222605e-01,-1.327922372282364094e-02,2.013389927222890563e-01,4.695418072269008647e-01,1.000000000000000000e+00
3.872944761649463885e-01,1.716122126668720327e+00,-2.288072514021783910e-01,6.001758203614802056e-01,-1.911839139254820630e-01,-5.268835752593581390e-01,-1.334139280485119095e+00,-6.415147452542471207e-01,1.000000000000000000e+00
-9.062092958710401547e-01,-4.365561508193791518e-01,-2.200096573169445513e-01,3.728146502078897306e-01,1.263080871984199494e+00,-4.332913002225926569e-01,2.724174162378343311e-01,1.789383464899705789e+00,1.000000000000000000e+00
5.005613020132471114e-01,6.647134335471829303e-01,1.952052725933636435e+00,1.590931925273211700e+00,-7.483778238040597053e-01,1.467588044117619006e+00,-1.637025651413625660e+00,6.158660469016803418e-01,0.000000000000000000e+00
-1.738235732413357493e+00,1.803089764077029145e+00,6.419022359716857196e-01,-1.723371104045140267e+00,-1.046807492953260255e+00,-5.044687081218159896e-01,-1.126938576018785554e+00,1.525105756987662264e+00,0.000000000000000000e+00
1.279576940778153649e+00,-7.494563517218644222e-01,-4.297460315508847550e-01,9.982405122685014121e-01,-8.389360907200100748e-01,1.492879276637802732e+00,-8.475908484470462412e-02,-1.591428933103991028e-01,1.000000000000000000e+00
1.593808226149982410e+00,3.115545552652378980e-01,7.524580783848318077e-01,-1.373674326969085424e+00,-1.614418755698316943e+00,-1.598389068794370704e+00,-1.558058888377964912e+00,7.434502313049184963e-02,1.000000000000000000e+00
-1.486730899342532997e+00,-1.695821100418695160e+00,-1.562411700722194041e+00,-1.794657379261660246e+00,7.229327777211924655e-01,-1.511188528898065542e+00,-5.016180665977856279e-01,-3.929159904166601436e-01,0.000000000000000000e+00
-8.481300657627501849e-01,-5.028609515949584718e-01,-1.193004347140780741e+00,-8.190425218445636091e-01,-9.937719395793420674e-01,-4.304515300282081292e-01,-1.777946263461081422e+00,-6.315672012930750867e-01,0.000000000000000000e+00
-1.752753462323309641e+00,1.679519101423108562e+00,-6.294497767070503791e-01,-1.895498973173704194e+00,6.130114453010797604e-01,-1.080246283082039849e+00,9.509047559328438481e-01,2.388481012439891416e-01,0.000000000000000000e+00
1.052192905203127360e+00,1.894348947513634140e+00,-7.650954281077591013e-01,-1.532599227088281335e+00,-1.509052014537756836e+00,-6.344751514236155465e-01,-5.667192990113085749e-01,-3.189456770352014914e-01,0.000000000000000000e+00
-1.991433564232682141e+00,1.839973326872546888e+00,4.040892944712868307e-01,1.185978370832827977e+00,8.742116331334375268e-01,2.541468052404076694e-01,1.470573817789838866e+00,-4.823815416709784643e-01,1.000000000000000000e+00
-1.365992807321836366e-02,-1.227567888899916415e+00,1.701283168048718597e+00,1.698072952685766968e+00,-3.560704766354363393e-01,-1.291313897630926633e+00,3.138622014336847066e-01,2.622557589598915051e-01,0.000000000000000000e+00
1.305721050481057688e+00,1.486539166682325330e+00,-1.785445233787826602e+00,-6.277280428904807863e-01,-1.907576060416094510e+00,-6.851977523583347995e-01,-5.603148856519886145e-01,-3.461545331220614585e-01,1.000000000000000000e+00
4.153897797641707967e-01,-1.223136097740865846e+00,-3.549144814764768618e-01,-8.786738842022305818e-01,8.419259348178353974e-02,-7.189616500329671922e-01,-4.905908529212665847e-01,1.235248599743171916e+00,1.000000000000000000e+00
7.568050879690275679e-01,8.874310268681000480e-01,1.499745095191025612e+00,1.857108269363859421e+00,-1.144418247408537148e+00,1.862309183924652611e+00,1.854328812588001085e+00,-5.438391919963416754e-01,0.000000000000000000e+00
1.644941180038196116e+00,-3.874948371239783640e-02,-1.291755433809098186e+00,4.468109339582189143e-01,-5.066404802969262100e-01,-1.608538427068784138e-01,-1.065657945557482833e+00,1.931916240857709077e+00,1.000000000000000000e+00
-1.631041509128572820e+00,1.991925563737386717e+00,1.324654460897865871e+00,-1.621688627645421654e+00,-1.109380428875505142e+00,-1.703525110376083784e+00,6.215844176794966813e-01,1.245015834611304495e+00,0.000000000000000000e+00
1.250778602982114407e+00,-1.220362037169842928e+00,-1.930234743564908317e+00,-1.497873898589273001e+00,1.287893913057677420e+00,1.095852120271863850e+00,1.415613243359576501e+00,-7.777325424898902106e-01,0.000000000000000000e+00
-1.860716494951119682e+00,1.008559856125930132e+00,1.750445857243888792e+00,-1.535381068284573658e+00,-4.111479219173781452e-01,-1.517506549308218489e-01,-1.103630996440800427e+00,-1.107195143745335564e+00,0.000000000000000000e+00
1.852395545570532320e+00,1.966516042672012521e+00,-6.273102119977558289e-03,5.907675529269700299e-01,-1.204783753169479610e+00,1.556815130338878195e+00,-7.578422342785899879e-01,-1.766860386307423259e+00,1.000000000000000000e+00
5.326819598103713638e-01,6.794803108060074592e-01,1.873424586860902963e+00,7.194967931541249584e-01,-1.894037510037807071e+00,-1.664221065729509785e+00,1.450986967756100476e+00,1.685912034140069959e+00,1.000000000000000000e+00
1.560576937245093276e+00,-3.250077642696713731e-01,-6.490321241611161085e-01,1.784882594487357643e+00,-1.035238970948519022e+00,8.022836801500674575e-01,1.955277612748242078e+00,1.314028011915994831e+00,0.000000000000000000e+00
-1.387250898018379530e-01,1.814845804145322816e+00,1.383514641325362948e+00,-1.512553998808241484e+00,1.933506729692719972e-01,-2.817420911945012207e-02,1.096769612274310912e+00,1.682929062303531786e+00,0.000000000000000000e+00
-4.954933066463000912e-01,1.174758576422041401e-01,-1.590007261053004939e+00,1.242825420922712532e+00,6.104400710965727228e-01,-8.433903914195486351e-01,-8.499177690884121006e-01,9.747292581033657477e-01,0.000000000000000000e+00
-2.508745386336608263e-02,1.138801736089938288e+00,-1.138358709261940938e+00,-1.774873740689967061e+00,2.058677911608683964e-01,-1.585684990240010972e+00,1.792074863091523973e+00,-1.761064081303910900e+00,0.000000000000000000e+00
7.359874017020380244e-01,4.239606463359169020e-01,-1.509314063371977266e+00,9.445620912626244703e-01,-1.896859512899289335e+00,-8.236961546438354986e-01,7.336166991460757458e-01,-6.311401849726827606e-02,1.000000000000000000e+00
-1.104878081826949909e-01,-8.005850086276811162e-01,-1.894925126942492710e+00,-9.037361305461599770e-01,-1.949301619998939916e+00,-1.946935023654984942e+00,-7.055111867579202389e-01,3.943110101969904413e-01,1.000000000000000000e+00
1.552171433927445943e+00,1.227722690537205175e-01,9.385589284058375448e-01,-1.458759445485633854e+00,8.722664970869553613e-02,1.520147016964796371e+00,-1.942714160967889736e+00,-4.900501517254602923e-01,0.000000000000000000e+00
7.765806787244637910e-01,1.202907665052017183e+00,-3.321786892224807275e-01,6.841195354150708674e-01,1.725270378200221444e+00,-3.589030002370452443e-01,1.396834264746147802e+00,-1.935645505369589792e+00,0.000000000000000000e+00
-1.082927545922647283e+00,-1.890512569694703604e+00,3.974173056928442804e-02,-1.890329926140307482e+00,-2.458565363322033903e-01,-4.116003722730323666e-01,-1.050356144770939082e+00,-1.710033137983658857e+00,0.000000000000000000e+00
-2.215726474097650112e-01,-6.080828643953646306e-01,1.854780760150493979e+00,-7.781013149364683912e-01,5.324065827071380319e-01,1.142523436730793041e+00,4.592995581390102444e-01,-4.288998055046175928e-01,1.000000000000000000e+00
-1.162262146086888936e+00,6.130075486746244806e-02,-5.973743702379468168e-01,-1.422016095642895550e+00,-9.294451176947773341e-01,1.132149416573787981e+00,-2.139829121958087832e-01,1.179783146863391696e+00,0.000000000000000000e+00
1.369494467000290872e+00,-3.999469325484494853e-01,-4.625754875407044331e-01,-8.170742912455701834e-01,9.753965921986988974e-01,6.898054288068942164e-01,-9.522429410268009597e-01,9.543983526257906469e-01,1.000000000000000000e+00
-2.170557259959045027e-01,7.242523466576940017e-01,8.477117872114412478e-01,5.257319230307864188e-01,1.358537836142174271e+00,1.497689186438044828e-01,-1.825710902952245807e+00,-1.447508933251240304e+00,0.000000000000000000e+00
1.740932020364760913e+00,-1.581610667464228293e-01,4.774350551500772255e-02,-1.438040040484350524e+00,-8.296840225730921503e-01,1.017329628423218946e+00,1.334900156192194487e+00,-8.527697502688398323e-01,0.000000000000000000e+00
1.171002543795792938e+00,1.622033402918795275e+00,1.096613188268528827e+00,-1.123402786888821669e+00,-1.009125711206779741e+00,6.743422119912345636e-01,1.775340268520188225e+00,-8.533929791652554719e-01,1.000000000000000000e+00
-1.257684483287770494e+00,-2.637391892922664738e-01,-6.288689833855323208e-01,3.007706961570177917e-01,1.342264606035208363e+00,-6.695141284638048695e-01,-6.193133039898768288e-01,9.504004482294803324e-01,1.000000000000000000e+00
-1.416218662524245442e+00,1.154852401270645146e-02,-3.164465303849239852e-01,9.705983037349210640e-01,-5.872817407163499759e-01,-7.871718359071286919e-01,-4.060708710866332005e-01,-6.220065088672090958e-01,1.000000000000000000e+00
-2.795474892545621870e-01,9.305313599415945269e-01,-9.564201479013645368e-01,-1.562238571023009559e+00,-3.915281863017336939e-01,-1.307673888771989645e+00,1.422431030186406709e+00,-1.871935311196337715e+00,0.000000000000000000e+00
-1.254765043073601039e+00,5.274987343086778857e-01,-4.139485580431645495e-01,-1.252385482780011827e-01,1.662233682433910786e+00,-1.299578631315129851e+00,1.504205961883967380e+00,3.106868689661417271e-01,1.000000000000000000e+00
1.612230904881435833e+00,1.980729131730670112e+00,-1.685718713960242976e+00,1.141883708534297881e+00,-1.459120232261000627e+00,1.614297373173965156e-01,-1.999982598364141051e+00,-1.763215519568643863e+00,0.000000000000000000e+00
-6.735560206204027622e-03,-9.903410928549587489e-01,-6.721768248506734267e-01,1.037383120967371841e+00,-1.567815858220428016e+00,-1.163104276536656823e+00,-5.503454622218999504e-01,1.851697570118938874e+00,1.000000000000000000e+00
-2.841646738052459042e-01,-1.555899872521111948e+00,-1.523289557860993515e+00,4.255814745634869389e-01,1.092001747517748811e+00,-1.053579650386236466e+00,-9.513331305803975901e-01,9.270886526744264167e-01,1.000000000000000000e+00
7.163642876254217029e-02,-1.456874385212751033e+00,1.682660793223183848e+00,8.493197500284690449e-01,-1.295527721705031166e+00,7.958545333195088389e-02,6.405147544097822276e-01,-1.371611294942307602e+00,1.000000000000000000e+00
1.472217893046605219e+00,-4.306627334194192969e-01,1.102800848078621776e+00,3.381641195461813076e-01,3.966875948187187362e-01,-1.975222799932485618e+00,1.818026681224883312e+00,8.157928308653477067e-01,1.000000000000000000e+00
1.889025302012788732e+00,-1.399845700931684256e+00,4.601256996281932743e-01,7.830411080902766052e-01,-8.623807002860286453e-01,-1.904407605497109746e+00,7.711204132634419395e-01,1.059798324966980676e+00,1.000000000000000000e+00
-9.100971337575276543e-01,7.227619405500838035e-01,-1.484378213289016202e+00,-1.840147049600216356e+00,-3.526363271771844055e-01,-1.771992825024796048e+00,3.823048803091300130e-02,-1.727280859495949450e+00,0.000000000000000000e+00
-7.091753863689862492e-01,1.801195978311209256e+00,8.773168803159574480e-01,-1.681712049147966237e+00,1.230223481001251784e+00,1.943096881261114017e+00,1.844417678076133438e+00,-1.699659277338101404e+00,0.000000000000000000e+00
-1.240319696548578321e+00,1.037572564512018403e+00,-3.827836938950368584e-01,1.636866919877152604e+00,1.780964382989176809e+00,9.337442096520391921e-01,-8.412905639134615754e-01,-4.419247737532883136e-01,0.000000000000000000e+00
-8.946674011246522618e-01,1.724600574837953371e+00,1.212083446704396827e+00,-4.840422684200027525e-01,1.537506117717768461e-01,-1.892817930434541385e+00,4.356819219166565560e-01,5.359471062666347763e-01,1.000000000000000000e+00
-1.213311980601261553e-04,-2.527347257404604086e-01,7.963507370825118059e-02,-1.137263182950647433e-01,1.004527554876233353e-01,1.655946761673435574e+00,-1.996462542853173261e+00,-1.481305762576059948e+00,0.000000000000000000e+00
1.172143237172307728e+00,1.601217154879019500e+00,-2.191542545164222311e-01,-1.001030881056456323e+00,-1.960750350638861939e+00,1.885413854219426977e+00,-4.477312733033302905e-01,-8.057282908088447826e-02,1.000000000000000000e+00
1.282387952621427019e+00,-1.924118875429362774e+00,7.852894729341604041e-01,1.847206067931075335e+00,1.066245874376348546e+00,4.540375660279716286e-01,1.329064085753102642e+00,-6.154291024798812515e-01,0.000000000000000000e+00
-8.028017645887626230e-01,1.085971738101322526e+00,7.532860776970542460e-01,-1.921389124059231790e-01,-1.153543957388585284e+00,-4.814645726314963348e-01,-3.957334065281776780e-01,-1.781818232595502316e+00,1.000000000000000000e+00
1.012979711092037327e+00,1.296651123034888275e+00,-1.187436689820177804e+00,-1.233036007960609304e+00,-1.777173079699834624e+00,-8.171282514624573778e-01,9.022071402886671088e-01,1.916430086064117688e+00,1.000000000000000000e+00
5.268610509574225276e-01,1.418706153276114268e+00,-1.770274671074473449e+00,3.189492091257584150e-01,1.797843615606628198e+00,-3.246829622351037337e-01,-7.376243488648781543e-01,-8.993294988942874824e-01,1.000000000000000000e+00
3.002681907759421343e-01,8.962706039048100592e-01,-7.059658591660213922e-01,1.118444670430067234e+00,6.295815946993448264e-01,-9.030080322674569615e-01,1.468769599656713609e+00,6.292695643391441607e-01,1.000000000000000000e+00
7.969731297877098442e-01,8.271193465824198121e-01,-8.000947884770797103e-01,-1.978385292850348698e+00,1.483274208186033061e+00,-5.977065777536059166e-01,1.857950025661690319e+00,5.197354462434411460e-01,0.000000000000000000e+00
-6.385629007809563440e-01,1.689065666103487739e+00,9.070925821001809553e-01,1.880592800274096810e+00,6.543014420621400262e-01,9.907893876886424422e-01,-1.401122599873594332e+00,-1.569329796114295128e+00,0.000000000000000000e+00
9.877655977002763876e-02,-1.280709133706871672e+00,-1.131177939242100194e+00,1.750756245602986372e+00,1.522084775150631231e+00,1.644197877095981752e+00,-1.522563291977203193e+00,1.822204975728153098e+00,0.000000000000000000e+00
6.644919018436943325e-01,-1.577766987815203414e+00,-4.596919722127612573e-03,-1.512994846679565963e+00,5.444101063876414237e-01,-5.891496773660382935e-01,8.669500517209094426e-01,4.045304062911951881e-01,0.000000000000000000e+00
1.775386895718398250e+00,2.737777823813889455e-01,-2.830151925389725598e-01,-7.948059531667501787e-01,3.718937384692688752e-01,1.300693716192640625e+00,1.484635928821050666e+00,-1.159434580154234506e+00,1.000000000000000000e+00
-1.996646444984984115e+00,-2.191178267763351784e-01,-1.709811567584143877e+00,9.315004386669554215e-01,1.370076235663503450e+00,7.449388864698165413e-01,-9.157105308787500952e-01,1.566762021588093745e+00,1.000000000000000000e+00
-8.850877367139595719e-01,-1.650574004176755594e+00,-5.245063649015486718e-01,-2.656013277436604092e-01,-6.927955494003468218e-01,-9.500615213601184550e-01,1.908483799868365249e+00,-1.761851112667249808e-01,1.000000000000000000e+00
3.382915026421451365e-01,-3.242019709551451356e-01,-9.568307799409261349e-01,-3.680929525172431660e-01,8.432893079073027209e-01,-5.063386823417683757e-01,6.332384739641381266e-01,1.894571246685696320e+00,1.000000000000000000e+00
1.805453919275918917e+00,9.337284848278790683e-01,-1.305712848419213312e+00,8.528953239413086251e-01,-1.071282572686422796e+00,-1.582679134660209819e+00,6.722669480210066162e-01,-1.538685503949916100e+00,1.000000000000000000e+00
-1.938332578007525342e+00,7.172742659788022834e-01,1.555867743428295924e+00,-1.991992760407156560e+00,1.199714073926550384e+00,-4.135179721987425339e-02,6.904351044357408540e-01,1.162179478790471787e+00,0.000000000000000000e+00
1.045702760686428423e+00,-5.080438022875899406e-02,-5.985686357638688726e-01,5.887134506157769565e-01,1.804240046769684191e+00,6.061926106897841393e-02,4.134745688208321113e-01,-1.825375722598472805e+00,1.000000000000000000e+00
-5.639765042234148318e-01,1.330957046959325929e+00,1.772003300657263303e+00,-6.262887982502673978e-01,-9.246464152959954497e-01,-6.989251151265092332e-01,1.793323807688973925e+00,-3.396134303039173297e-01,1.000000000000000000e+00
1.070963540344016085e+00,-1.426282388380948785e+00,5.831551408607529297e-01,1.529518796737278752e+00,1.390442607818738630e+00,-1.389748620069702234e+00,-1.380407548196558754e+00,1.397053435253188702e+00,0.000000000000000000e+00
-3.906553016955682800e-01,-6.012720743613106933e-01,3.628400852643300922e-01,-1.024909114474283900e+00,1.233618979553364525e+00,-1.356900589211119446e+00,9.295557240981731084e-01,1.951211454551841307e+00,1.000000000000000000e+00
-4.206366440151847463e-01,8.773337093403914544e-01,-2.470619851301671943e-01,8.455466436408007880e-01,5.432462908822324188e-01,-1.463526872246978972e+00,-7.911502847313345299e-01,-7.154087775712261177e-01,1.000000000000000000e+00
2.992171988187166676e-01,-1.246866431392406938e+00,1.712224289361028440e-01,-4.383586246593487168e-01,-1.545444902602056025e+00,-1.297405128251412076e+00,-1.886644894184547283e+00,8.977168729354683130e-01,0.000000000000000000e+00
-1.922964267674635686e+00,1.400007056277573714e+00,1.086278959661155952e+00,4.528735692686121084e-01,-3.489105666230480907e-01,-1.279042618844903334e+00,1.065494648146521506e+00,1.190409722997136210e+00,1.000000000000000000e+00
7.973078691631294568e-01,1.281880816566562054e+00,-6.482323317004627938e-01,-7.326487873540012963e-01,8.122494559610538012e-01,-2.726461913991622410e-01,-7.435984274596139088e-01,9.845365717272764883e-01,1.000000000000000000e+00
-1.626019058445118404e+00,-1.836436454371419114e+00,1.273967542929649976e+00,-1.168958969874545062e-01,8.071893590772338811e-02,-7.649487071608040978e-02,9.797771321300352554e-02,1.557978500398695676e+00,1.000000000000000000e+00
3.377284236076905088e-02,-1.864140618831370055e+00,1.865137417031256017e+00,-1.216678449321833000e-01,1.310012431974128422e+00,1.174283880099712629e+00,1.721320676395174498e+00,-1.896202695837520658e+00,1.000000000000000000e+00
-1.232328472348475312e+00,-1.531354282803690570e+00,1.301342265971681122e-01,3.609860176761188200e-01,-9.993186196787631204e-01,2.804117595592545698e-01,-1.299137025983553961e+00,1.680370263714857426e+00,1.000000000000000000e+00
-1.765514638653136181e+00,1.652035482032194302e+00,1.992258984228740371e+00,-7.367407062632231884e-01,9.660553062480934372e-01,1.182619255451055729e+00,1.112774458342435491e+00,1.494647073397631143e+00,1.000000000000000000e+00
-1.639980024781233503e-01,1.020024093432112533e+00,-1.545630458913183070e+00,-1.721764745760051785e+00,-1.121908091621105719e+00,8.494134658091567758e-03,6.659967476153569876e-01,1.928730412341395084e+00,0.000000000000000000e+00
-1.207044263679857732e+00,1.573181831472760361e+00,4.722158674358083452e-01,1.722854747088780947e+00,3.878317729572251515e-01,-1.929833477860168234e+00,-4.482174185959419965e-01,-4.623348085020664300e-01,0.000000000000000000e+00
-1.178670704367030808e-01,1.778347857381281649e+00,-9.074719843888039428e-01,1.503021897519078554e+00,-1.476300658431801693e+00,-1.841369589757158476e+00,-6.797490630100297970e-01,-1.156448867156183891e+00,0.000000000000000000e+00
-3.229909348414095049e-01,-1.531884464873644269e+00,1.716961638091821118e+00,1.319606002196826999e-01,1.457966614124233118e-01,-8.923335945508181766e-02,-1.711421863589575043e+00,4.648095407988788175e-01,0.000000000000000000e+00
5.141557917057735239e-01,3.966108874190790168e-01,1.337733001818111056e-01,5.575315723369711485e-01,1.284791568477531953e+00,1.944527419996668893e+00,-2.024064632521049845e-02,1.623552899791451232e+00,1.000000000000000000e+00
-2.780899800234055697e-01,-5.693914921878220348e-01,1.567098599710986750e+00,1.850617907435046394e+00,-5.323410877115017925e-01,-1.494252787795629978e+00,1.792396040784809408e+00,-3.019251885391693868e-01,0.000000000000000000e+00
-7.556019031270984065e-01,1.342745361786052527e+00,1.864121084434580577e+00,1.523884763392848729e+00,-1.835266383402321733e+00,-2.958374983045248818e-01,-1.133288868279242578e+00,1.864335254218024041e+00,0.000000000000000000e+00
6.494151495704620913e-01,1.112762145349554643e+00,1.952628043240523859e+00,1.095116807811955084e+00,8.588019439766307883e-01,1.466669892222038918e-01,1.196054210553811892e+00,-3.657222416046734814e-01,1.000000000000000000e+00
2.469710222635534969e-01,4.785693979564697997e-02,-1.395788201146378249e+00,-1.203762343431424409e+00,1.886638204601120972e+00,1.421918216184077544e+00,-8.390734902196732570e-01,-1.646971104231730099e+00,0.000000000000000000e+00
2.091226256184359755e-01,-8.538620775520615602e-01,1.330716985400294483e+00,-7.821828886525432623e-01,1.600551321857722975e+00,-5.599613810647805501e-01,-6.610619960120578398e-01,1.384828488387610967e+00,1.000000000000000000e+00
1.237807752569591191e+00,-3.356856526178928490e-01,-6.693975828025857666e-01,-5.263991312216309559e-01,1.669442543472943186e-01,-1.055864526403463621e+00,-1.284534657127411883e-01,-1.074387016784079218e+00,1.000000000000000000e+00
-1.487115521705137944e-01,1.040110909683884088e+00,7.225715906994172322e-01,-1.799339150962198097e+00,1.484462500704242238e-01,-8.652050986789059372e-01,1.889500589184581969e+00,1.090483163051083615e+00,0.000000000000000000e+00
2.066582125680160864e-01,1.179040066761721128e+00,1.432509385601332674e-01,1.353562445113892121e+00,1.804423060789549726e+00,1.714838715388879109e+00,6.737898806761304371e-01,3.135518770728897842e-01,0.000000000000000000e+00
1.900570377306476821e+00,3.457727828694148187e-01,-1.399002260524644381e+00,-1.668046038794645636e+00,-2.262073006746834203e-01,-1.541287424587838739e+00,3.328763692872223068e-01,-5.301558011741160925e-01,0.000000000000000000e+00
-2.005082616284736829e-01,2.095564706823660472e-01,1.157077715794785355e-01,-1.339779917806809273e-01,-7.255099424731410451e-01,-2.198769695952171865e-01,3.089015237592964702e-01,1.440040901535865725e+00,1.000000000000000000e+00
1.474901041572278082e+00,-6.008464609159194225e-01,8.913850436546324474e-01,-5.197242986842587342e-01,-9.633937831464312040e-02,9.679700957618013746e-01,9.002777831436259426e-01,1.931209550440853739e+00,1.000000000000000000e+00
1.863748835439770435e+00,1.939009720448065188e+00,1.808447301596496359e-01,-1.519087647783059047e+00,3.539162312071186811e-01,1.411392353991562931e+00,-8.185165567504704143e-01,1.649906455850587150e+00,0.000000000000000000e+00
2.316266123265466881e-01,1.294525445304959277e+00,-1.610280267858585468e+00,1.302834658478999152e+00,1.799319230852292506e+00,-5.438735336082016758e-01,-1.826313137173159795e+00,-1.109364926594570644e+00,0.000000000000000000e+00
1.277414436737265291e-01,1.628565812291324022e+00,-1.871074836887524295e+00,1.307713347182279939e+00,1.495960802102233700e+00,-9.592293754557279506e-01,-1.214387594978982410e+00,-1.894331844312576951e+00,0.000000000000000000e+00
1.352285390772762774e-01,-1.170340097563180581e+00,-8.898980272779022371e-02,5.819761784682859762e-01,3.590246338267366610e-01,1.180609900032017379e+00,9.044462047587673581e-01,1.885744607169361764e-01,1.000000000000000000e+00
-1.016914287863288191e+00,9.680957287241183096e-01,7.817286445958115948e-02,-1.860782966047296760e+00,6.842504609102850743e-01,-1.519514269430874531e+00,-4.184824681021348525e-01,1.341822868532878577e+00,0.000000000000000000e+00
1.284230180570300917e+00,-1.299786014884259266e+00,5.864554285049234927e-01,-1.038542931832386884e-02,-3.203107273305194624e-02,7.002327204877567546e-01,1.267763304687243853e-01,1.903061668623164060e+00,1.000000000000000000e+00
-1.570386189119417075e-01,-9.844763979683857080e-01,1.786486994501337300e-01,1.303777234000190521e+00,9.291631044958790220e-01,-7.896580328633171497e-01,1.272555773641280918e+00,-9.725755363659716046e-01,0.000000000000000000e+00
1.996772307794132839e+00,-1.539505811612809083e+00,8.573177384069028406e-01,7.404956326474012585e-01,2.221581701961676814e-01,4.772228571404193431e-01,-1.912451342722144343e+00,1.457860777108638040e+00,0.000000000000000000e+00
-6.650097252349778110e-01,6.504733007472989215e-01,-1.609950820076531119e+00,1.780837796760180947e+00,-2.204265350435274939e-03,1.020228067279340678e-01,-1.895237093370979231e+00,-4.939352294092280715e-01,0.000000000000000000e+00
-8.326242089585282891e-01,1.462236193232077763e+00,-1.805351009567118137e+00,1.273236153184282848e+00,1.369949540333279536e-01,1.128487679485790540e+00,-1.272865436696124064e+00,3.619637084437510310e-02,0.000000000000000000e+00
7.274368755369993167e-01,1.708584931404339091e+00,-7.112525551039823313e-01,-1.989982961339695322e+00,2.507282432185991006e-01,1.156596325645529610e+00,4.843199887574116680e-01,-1.042060406061615652e-01,0.000000000000000000e+00
-1.489777253491020303e-02,-7.475919236512811317e-01,-1.565725653855896127e-01,-4.276499413601086985e-01,1.443324333943498683e+00,8.101489161667547734e-01,-3.373323102406633467e-01,1.594382226465113295e+00,1.000000000000000000e+00
1.791457884723861582e+00,-6.726212777826963141e-01,-1.351538528879268508e+00,-8.317046925808746494e-02,-7.132284444339327401e-01,-7.031545865512129900e-01,-1.641607028146266689e+00,-1.812143537747958888e+00,0.000000000000000000e+00
-5.621233542362014113e-01,7.676836385493768233e-01,4.349007477739590399e-01,-1.175459307399974396e+00,-1.015284727719751867e+00,-7.835131071200684971e-02,-2.087109677823408838e-01,-4.557193889519979280e-01,0.000000000000000000e+00
-1.314714353046744222e+00,-1.014739059048909375e+00,-9.030430990961222371e-01,-1.714761942530985461e+00,-4.798417867208715215e-01,1.689089878851827375e+00,1.010164989106896449e-01,1.961576309850513233e+00,0.000000000000000000e+00
1.495769328801328957e+00,-1.864833214796992156e+00,6.735238144800921312e-01,1.629200128316226071e+00,1.508629109308665228e+00,-9.828442434079565082e-01,-1.624794225764883748e+00,1.787550319372993801e+00,0.000000000000000000e+00
-5.919097790059169029e-01,8.066856912213542508e-01,3.770677805693898321e-01,-1.159749965271904326e+00,-1.594385754130068111e+00,9.354262476258501380e-01,4.296450892115530884e-01,8.553400473194248121e-01,1.000000000000000000e+00
-6.519519571647394152e-01,5.924216010280378697e-01,-1.547536034889298584e-01,-7.106462628488343647e-01,-1.233508870977323202e+00,6.607800897431972409e-01,-1.745691003095157789e+00,1.455879683872831620e-01,0.000000000000000000e+00
-1.920921787914454004e+00,-1.913568344819345679e+00,1.072197381837727725e+00,1.062861595430155237e+00,1.998085520110893576e+00,-1.396887814446370779e+00,4.419390158063927210e-01,1.713887807842078725e+00,0.000000000000000000e+00
2.632010373898054922e-01,-1.274865458136944074e+00,4.737993120627561616e-01,1.728707879890292176e-01,1.884148885158140274e+00,1.477898213141787487e+00,1.901050485182240735e-01,-1.768919651770628043e+00,0.000000000000000000e+00
1.904524565992109508e-01,4.673878473545491907e-01,1.850099058392878248e+00,-4.197492884318263506e-01,-1.259196447544734365e+00,-1.808585046181669931e+00,-5.845425592427933026e-02,1.076649276490055485e+00,1.000000000000000000e+00
6.717634363889555260e-01,-1.631837562954952858e+00,-1.550866658822098287e+00,-1.225251784774684438e+00,-1.974606639730511759e-01,-2.932167890312116221e-01,-1.890901734242298016e+00,-1.248203029223901250e+00,0.000000000000000000e+00
6.333467248763477997e-01,1.442317530563777872e+00,1.052707637960477616e+00,1.047285990559659652e+00,9.889529629728190940e-01,-1.643007673708499983e+00,-2.651365987545419856e-01,1.210935102160701327e+00,1.000000000000000000e+00
1.204756244990405456e+00,3.572173442989861059e-01,1.228636081095909383e+00,1.892973255078939321e+00,-8.722421090535514843e-01,4.244764430514607056e-01,6.081979619915887092e-01,1.384141598838477094e+00,0.000000000000000000e+00
3.297017861648554593e-01,1.847921643929783642e+00,1.455816599930726429e+00,1.572312498406869263e+00,1.618947924068514510e-01,-1.982356000772373061e+00,1.702068731355765863e-02,-6.548962398702355969e-01,0.000000000000000000e+00
-2.952423014275722402e-01,4.145657169308671897e-01,-2.787058106682995806e-01,7.524292667741958596e-01,-1.439726541157016371e+00,-1.906494109335397980e+00,3.797977151165570220e-01,-1.708818641176447883e+00,1.000000000000000000e+00
1.380947173610525436e+00,-1.931993280236986354e+00,1.263489837627780776e+00,-1.162472315643184650e+00,-1.958397483885980339e+00,1.990848882888953675e+00,1.551078326438473542e+00,1.006546668755113227e+00,1.000000000000000000e+00
-1.655776112415226375e+00,-8.200794549078640472e-01,9.617957184000180959e-01,8.404609236599718258e-01,1.655656447033062584e-01,-1.534934077167844357e+00,-5.226856764243854592e-01,4.519529080061555071e-01,1.000000000000000000e+00
1.048536643333683127e+00,1.882632565605782293e+00,1.793317271444764049e+00,-1.632415526425758490e+00,-6.053515095722565853e-01,-1.931362569106172877e+00,1.649487944307319598e+00,7.775854529998711406e-01,1.000000000000000000e+00
8.625148951669578956e-01,6.484791803309803981e-01,1.802397055597216635e+00,1.356472055350447903e+00,2.876931873943218143e-01,-9.218765948918585806e-01,-1.087451894771621852e+00,5.533263465512083812e-02,0.000000000000000000e+00
6.031962572634488318e-01,-5.920539194106622105e-02,4.939490094984315682e-01,-5.912077549780025976e-01,5.782950451667532299e-01,-1.885169464150755037e+00,1.985582604692483155e+00,1.989751499121880318e+00,1.000000000000000000e+00
1.107398049721520117e+00,5.874996334009559007e-01,1.115672224213190677e+00,-1.114317330685734575e+00,1.182645155961546735e+00,-1.684704428209960358e+00,-1.212606799549030168e+00,2.410644238055970057e-01,0.000000000000000000e+00
-1.700936287088854471e+00,1.717956804949401395e+00,-1.770681168860027022e+00,-4.333414338073606764e-01,-8.550513996794317784e-01,-2.384464339357190710e-01,1.956995923802800075e+00,5.750945173103256813e-01,1.000000000000000000e+00
4.491639213430196342e-01,3.050404208914931914e-01,-1.839801745687909662e+00,-1.570672783704615050e+00,1.929048893233522577e+00,-1.833783748989043616e+00,6.672915073470120362e-01,-9.007368954819017226e-01,0.000000000000000000e+00
-5.649929059441691770e-01,-8.043153487622682896e-01,-2.101660360158734697e-01,-1.686992291609592520e+00,7.011962998207068587e-01,-6.116895845436713941e-01,-1.010062680306924587e+00,1.547430468051373964e+00,0.000000000000000000e+00
1.435183068860091282e+00,-9.417515534461400328e-01,-6.058383366648278923e-02,-1.131342165610946804e+00,-6.781530556478037042e-01,1.833169489787356721e+00,-1.671014822454644833e+00,7.086472230604399236e-01,0.000000000000000000e+00
1.990968010832599777e+00,1.200296584642371656e+00,1.457074721621616664e+00,1.092139657178316181e+00,-1.235732938197959374e+00,-1.053357897716557190e+00,-1.379318305555959689e+00,9.646974374149417386e-01,1.000000000000000000e+00
-1.273408676857163080e+00,-5.385894625655236467e-01,-9.219078074321096494e-03,-4.240841156315777738e-02,-3.545616377488003401e-01,-1.212263746033861889e+00,-6.054104399636179856e-01,-7.894312370402367662e-01,1.000000000000000000e+00
1.098364814499370290e+00,-1.488343690944680997e+00,9.073987191134889052e-01,8.021591738577806829e-01,-1.417437710105824422e+00,-7.805429421833740555e-01,-2.027651886532755299e-01,-1.588572320448130348e+00,1.000000000000000000e+00
7.756643250351169527e-02,5.018586995653446792e-01,-2.412586533950169532e-01,-1.712881109559315718e+00,-1.967514694732011904e+00,-1.881308966938979754e+00,7.042453428547243988e-01,1.466835871279915882e+00,0.000000000000000000e+00
1.927769656680973220e+00,1.729704924006314037e+00,8.588886521751701864e-01,1.585375354856155106e+00,-8.808810125558679260e-01,-9.583239566299144307e-01,-9.605968670402709186e-01,-6.263462535538479870e-01,0.000000000000000000e+00
-1.120742784579773943e+00,-4.608350265044851568e-01,2.823591813139461060e-01,-1.202412305460847985e+00,3.095738392143809747e-02,2.253208632355878649e-01,-9.392021404833750253e-02,-1.821893056697354130e+00,0.000000000000000000e+00
-1.620546317233611866e+00,5.357660538361468383e-01,1.420441413311301915e+00,6.695000322669013570e-01,-1.940144853812355130e+00,1.074407525655855622e+00,-1.729671029783599323e+00,-1.129522117506188472e+00,1.000000000000000000e+00
-9.864767001691667758e-01,-1.643265586045108417e+00,1.614641304492750340e+00,3.540881684103482918e-01,1.008805117427090448e+00,4.908331729352317652e-01,-1.183724569389714709e+00,-1.588338862963751819e+00,1.000000000000000000e+00
-9.293369560729218826e-01,-7.436141735626002891e-01,1.956896336511083856e+00,1.360486076679547462e+00,1.561840319071769123e+00,-1.479009204069579475e+00,9.497508936903420462e-01,-1.130849899518476143e+00,0.000000000000000000e+00
-1.807003148602228659e+00,-1.254319683709577138e+00,-9.997211355739303862e-01,5.045833353707678270e-01,9.899997436403662476e-01,1.907293316674067984e+00,-9.518566242694124213e-01,-1.664614184028584187e+00,1.000000000000000000e+00
-1.263598451841007719e+00,1.355914470249782955e+00,1.866971717709287937e+00,3.937111471127408002e-01,-1.548548638201356908e+00,4.824848472094327434e-01,1.432098057474353592e+00,-1.640128946315475567e-01,0.000000000000000000e+00
1.589667754015115175e+00,-8.790352530371148276e-01,-1.004591469743735033e+00,-3.728696378718905358e-01,-1.058312951246420663e+00,1.757544033410590956e+00,5.905175866564520426e-01,-4.470297592176351031e-01,1.000000000000000000e+00
1.188944828338173831e+00,1.710191296437323150e+00,6.494106840849673823e-01,1.231733678838273338e+00,-1.431437977696821129e+00,-9.648512252282648305e-01,1.679876385006447315e+00,7.180805693338379037e-01,1.000000000000000000e+00
1.835165340941434131e+00,1.825204158341653393e+00,4.862531543155674818e-01,-1.732248730061828557e+00,7.978972389402283483e-01,4.367669258468813709e-01,1.515187000020535635e+00,1.316008143497868765e+00,0.000000000000000000e+00
1.664719716893060752e+00,1.342656892065053675e+00,-4.007638051986588401e-01,1.837315745106899545e+00,-5.616102988256650441e-01,1.394246414637867026e+00,-7.134987458473127653e-01,4.137527405169088013e-01,0.000000000000000000e+00
-1.079036784061821574e+00,1.773485100693150684e-02,-8.151706866742816082e-01,1.180056211402392030e+00,1.708124028223255930e+00,-1.074699136445182557e+00,-8.258737989803441870e-01,6.452045844812102082e-01,0.000000000000000000e+00
1.499351955931846447e+00,-4.042288786132970380e-01,-1.433728276901311549e+00,-8.141541352712544644e-01,-1.021867407058492105e-01,-1.974245406998771379e+00,-2.702217154412700495e-01,5.854133371874747915e-01,1.000000000000000000e+00
-1.784249833894941517e+00,-1.584441479284631971e+00,7.620077810962007092e-01,-8.806362608383708768e-01,-1.589788840187189134e+00,1.833448653952266749e+00,1.331363070946019356e+00,-1.599374686323606909e-01,1.000000000000000000e+00
4.669775185045210719e-02,-1.482801910850402916e+00,4.218900069011777276e-02,1.923052109334209003e+00,1.724019384395210075e-01,-1.466016995780133225e+00,1.764813023778266654e-02,-1.187059676798656760e+00,0.000000000000000000e+00
1.000818480324315640e+00,-4.660632089303788916e-01,1.933402389213519257e+00,-1.477234692385095638e+00,1.630560809649163723e+00,-7.207435041801106834e-01,7.399485986856095820e-01,-7.056719040950278909e-01,0.000000000000000000e+00
6.943269624258925354e-01,1.534178285624422600e+00,-3.145333945571029410e-01,-9.404008671626562510e-01,1.844015914260016764e+00,-1.738248625053834484e+00,1.880256439099917465e+00,1.009495090070263057e+00,1.000000000000000000e+00
-1.754953684294950911e+00,1.469957581226879029e+00,8.997507495685375112e-01,-1.407849212257589411e+00,1.265034105464560188e+00,1.748198566382242358e+00,7.905645460024972593e-01,1.034671503855988384e+00,0.000000000000000000e+00
9.252922963591592165e-02,-5.327195459971023617e-01,-9.022751717039105834e-01,6.710661379831370787e-01,-1.934478649233248859e-01,-1.344378636920129821e+00,1.806714104481796923e+00,-1.853500216889373053e+00,1.000000000000000000e+00
-1.891667376357506924e+00,9.341827341461090839e-01,6.804530192939242106e-01,-5.509154179156099396e-01,9.955154500081673241e-01,6.053950066013120690e-01,6.207855351408024802e-01,-9.288247131211440077e-01,1.000000000000000000e+00
1.102052335695919538e+00,3.609227257511573583e-01,-1.047078053484673976e+00,-6.832327670606908043e-02,1.531656051359706616e-01,-1.919166402207220123e+00,1.459859582508520770e+00,-9.720487136493227709e-01,1.000000000000000000e+00
1.976122423240974868e+00,-2.002678654992755547e-01,1.568218050068483471e+00,-1.098467031884576617e+00,2.058965951790816540e-01,9.767129308533850640e-01,-3.275123372964210411e-01,1.672346629850034461e+00,1.000000000000000000e+00
1.201595882189814279e+00,1.414375735233515563e+00,-6.565826370096123910e-01,2.246623223759791621e-01,-1.675514801390688202e+00,-5.097200075481809201e-01,-1.175642172191396995e+00,-1.370137634897103940e+00,1.000000000000000000e+00
-1.150407985653340681e+00,-1.161951854552778496e+00,-5.438615714572656579e-01,-2.295003056628566185e-01,-7.240537199787140388e-01,1.393085996496780332e+00,-8.684028800503722501e-01,2.358951386525651728e-01,0.000000000000000000e+00
-1.719758537500878592e+00,6.640011760637367644e-01,8.925667723471253368e-01,-9.595027347918234639e-01,-1.098936663428453198e+00,-1.972194952565917703e+00,1.218040999760097165e-01,-9.381880865986156337e-01,1.000000000000000000e+00
1.043038167588718146e+00,1.443589056041817642e+00,1.233663925057210342e+00,-5.817806347347449503e-01,6.321177525504579897e-01,1.785667611108570973e+00,-1.505756525400500756e+00,-7.062513626805100309e-01,1.000000000000000000e+00
1.736405146587016723e-01,1.714348046196548125e+00,4.810691428480495802e-02,-6.444236544692012458e-01,-7.822758637196884912e-01,-1.922846122781443068e+00,-1.045837279552457311e-01,-1.558984730733540935e+00,1.000000000000000000e+00
-7.427020785628477562e-01,-9.876875439345251806e-01,-1.933433341450007337e+00,-8.870456665507653327e-01,-8.985581324212583709e-01,-3.007572617874267884e-01,1.530580610755786442e+00,1.754670077521334193e-01,1.000000000000000000e+00
-1.398834088813210474e+00,1.807711516019800957e+00,1.657243455403119015e-01,-4.800639706698590636e-01,1.245488683737203672e+00,1.692230496371073922e+00,-5.938293394340803388e-01,-1.255169303948469484e+00,1.000000000000000000e+00
1.868754971334604775e+00,5.871823801616797844e-01,-1.751172903060359332e+00,9.229904083826889760e-01,-5.458602742704865562e-02,1.272496511757246651e+00,-1.290257910705757016e+00,-6.770275189971881602e-01,1.000000000000000000e+00
-1.503876528990504724e+00,1.368884135433194427e+00,-1.675060592793617520e+00,1.241234337981844682e-01,-1.152958933351807769e+00,-2.061393164654612420e-02,-3.357931638659223950e-01,2.181563538023878479e-01,1.000000000000000000e+00
-1.828838391302607391e+00,-1.378921716782334439e+00,-7.498566094046514863e-01,3.062524113807683079e-01,4.711542699043569371e-02,-1.735001003763644967e+00,7.845334806685810847e-01,-1.316291590163398695e-02,1.000000000000000000e+00
9.510243356648513391e-01,1.089133293750178311e+00,-1.860752047654878893e-01,-8.694456163682549033e-01,-1.681786870058870065e-01,-1.557062606928728332e+00,-5.783397142334503194e-01,-1.200008791296096167e+00,1.000000000000000000e+00
-1.778904500924050058e+00,-1.933791465951490540e+00,1.986447924307716661e+00,-1.905899574585311562e+00,1.921746479800360063e+00,-1.928102196347146080e+00,1.326490556314223301e+00,2.870397935822079916e-01,0.000000000000000000e+00
1.492110553746502255e+00,-8.876977212672310102e-02,4.510625320545216255e-01,1.540371271431943967e-01,3.698964361902516984e-01,6.325316149340274308e-01,8.428233983018720288e-01,7.117874676419471136e-01,1.000000000000000000e+00
8.695020218619911034e-01,-7.810889245076069187e-01,-1.279002693797363754e+00,-8.688852458660432099e-01,1.264463367806805127e+00,-1.215460931029367142e+00,-1.710445614094891820e+00,8.310429067032232275e-01,0.000000000000000000e+00
-2.309197507667946070e-01,-1.991334026499751442e+00,9.659504697924710115e-01,8.078338354674663435e-02,-2.833884628178449105e-01,3.092117904821991559e-01,-1.738750311130139448e+00,-1.884947663594428668e+00,0.000000000000000000e+00
1.823041960859753452e+00,1.955284799306877375e+00,3.898929931572716612e-01,1.461284557670594175e+00,-6.791154877563578829e-01,6.287380286397858953e-03,6.591332000663965296e-01,1.037023790389572486e+00,0.000000000000000000e+00
-1.590266616178873882e+00,2.636377628491701763e-01,1.956610860614297565e+00,4.288872969132251356e-01,9.228371238607113725e-01,-2.076779902448362414e-01,7.510020653547577751e-02,-1.535527383764831555e+00,1.000000000000000000e+00
-9.695208126492511624e-01,5.015445669309142041e-01,-1.209764149691138435e+00,9.114396126941417542e-01,-6.351707873058090037e-01,6.300035559381842454e-01,-8.405754375591465433e-01,1.085184054572260859e+00,1.000000000000000000e+00
1.565262840383322640e+00,1.983934865207370279e+00,1.905805111513670713e+00,1.579170270779692409e+00,3.228934111852965749e-01,1.707767246158859553e+00,1.370666794583774717e-02,-1.399189341699985434e+00,0.000000000000000000e+00
-3.322896038873546232e-02,-5.835272150313226547e-01,7.733807936376502212e-02,-1.102487490237703316e+00,1.838181072352382817e+00,-9.428501223750171967e-01,8.319311819621919568e-01,5.116296779936919670e-01,0.000000000000000000e+00
-1.977379749656178021e+00,2.338389813873265055e-02,1.093139640768645116e+00,1.253577930596696532e-01,5.292599563493354253e-01,1.551432680815318932e+00,2.987466251632979741e-01,1.430578004700066241e+00,1.000000000000000000e+00
-9.016772923553517671e-05,1.170770824027453028e+00,6.158529556246117309e-01,1.864969851979410453e+00,1.109787005772076895e+00,-1.690334717809923060e+00,1.359986124151344455e-01,-9.252942495758298413e-01,0.000000000000000000e+00
-4.231033522287468429e-01,-2.266392062528992390e-01,-9.324202305064126506e-01,-4.786403084994410584e-01,-1.963546338149220638e+00,4.574742154717381659e-01,1.387303167713575203e+00,9.735945022573155860e-01,1.000000000000000000e+00
1.785686577035269895e+00,1.441642605524736442e+00,1.627942040767744292e+00,-1.510201662217083740e+00,2.158786648728292512e-01,4.319079086062234119e-01,1.578567084568224033e+00,2.020632739579815151e-01,0.000000000000000000e+00
1.896926495626827247e-02,-5.034067702150610835e-01,1.438889162550730738e+00,1.116998416158374585e+00,-1.995698611466845129e+00,1.148831929746789715e+00,6.362290628641131818e-01,1.876451834654196293e+00,1.000000000000000000e+00
-1.081808298361717657e+00,1.072186205170158058e+00,1.013308089776107312e+00,-9.112293350690396920e-01,-6.113113307546571562e-01,1.369608840149232343e-01,-3.721654091502659689e-01,-1.905079479041665191e+00,1.000000000000000000e+00
-9.236347178427548599e-01,1.835237628389694287e-01,3.650879573831877778e-02,-1.514608558509836556e+00,-1.665502485413067557e+00,-1.777803448921690510e+00,1.457996940244921547e+00,1.443856129033973978e+00,0.000000000000000000e+00
-1.914887725430203247e-01,-1.544596334339081167e+00,2.339735762253689622e-01,1.633779219420606665e+00,8.681969448686546187e-01,-1.177753281550864006e+00,-8.595649273622698594e-01,-1.710875070728262948e+00,0.000000000000000000e+00
1.436677911821084397e+00,6.884969637731126468e-01,3.342821283702921420e-01,1.092119605434469953e+00,8.124247479028245955e-01,1.954217062560811957e+00,-1.623397252047942274e-01,-6.652392272865617073e-01,1.000000000000000000e+00
-9.174994012561317192e-01,-1.756202356089706207e+00,-2.999719374144222961e-01,1.636665225418715952e+00,-1.319431232975980972e+00,-1.235339310668430723e+00,-6.380310848197456863e-01,-1.484541383388291891e+00,0.000000000000000000e+00
-1.944329585008413019e+00,-1.966513302759102189e+00,-3.218811354036059669e-01,-1.909209755502008221e+00,1.079021539017509301e+00,7.921331449949722270e-01,1.232307324099005896e+00,-1.781318035562939883e-02,0.000000000000000000e+00
1.008099627453049152e+00,-1.497313195307411693e+00,6.688366411822466162e-01,-3.747121238993753600e-01,-1.846061343034757218e+00,1.058557167789616837e+00,1.320007021704507899e-01,1.830110524320124554e+00,1.000000000000000000e+00
1.286433002659377323e-01,9.193988414608131876e-01,-7.101111879574308894e-01,8.647073651865144761e-01,-1.373106319184275836e+00,6.124577809316327226e-01,-1.225812215829335639e+00,1.683157252186051611e+00,1.000000000000000000e+00
1.800204288718461498e+00,-1.225090165139438358e+00,1.421508549084409267e-01,1.204748000157531251e+00,1.230787159756676630e+00,5.982294779119743389e-01,1.610967321464802815e+00,-1.534503103931473156e+00,1.000000000000000000e+00
-5.141937267305616288e-01,-9.485612586068246088e-01,-1.843784529003372086e+00,9.391360928602057179e-01,-1.381017759598451633e+00,4.622832904124174469e-01,1.177941740023183748e+00,-1.794896615558500219e+00,1.000000000000000000e+00
1.057572083816387121e-01,1.549715238964803898e+00,-1.277923611906549350e+00,-1.047557213695150313e+00,1.471192121216468696e+00,7.220884967665939236e-01,-1.231501094178585554e+00,-9.319971327570604203e-01,0.000000000000000000e+00
1.077720882322894536e+00,1.236645295583703508e+00,-1.307043952391954367e+00,1.591046808600438123e+00,6.890277164442424329e-01,1.940055408531273784e+00,-6.112772456679596011e-01,-2.554814168546943876e-01,0.000000000000000000e+00
-1.837015392061966068e+00,1.283408954439989369e+00,4.510113922563028233e-01,7.977520537169295878e-01,2.927383189092185312e-01,-8.354441257029732171e-02,-1.897472218201771810e+00,-1.390770575611814941e-01,0.000000000000000000e+00
-8.225815457272309672e-01,1.138155762640926660e-01,1.494477423590108156e+00,-1.046124673936476235e+00,2.616328881418890084e-01,-7.520178359197133844e-01,-1.591265180304342497e+00,1.476436149151678201e+00,0.000000000000000000e+00
1.323865277671969931e+00,2.878961876706775946e-01,-1.769201627839799951e+00,5.719763261071597604e-01,4.314831881714984441e-01,1.902247102968279702e+00,-3.424387716980614726e-03,1.425195264731755174e+00,1.000000000000000000e+00
-4.836859275225378063e-01,7.748905908043446367e-01,9.758573604472298157e-01,1.568257360235118192e+00,1.641899286838144789e+00,1.321493735358017396e+00,-9.588074667975265974e-01,-1.931741360706210831e+00,0.000000000000000000e+00
1.664487509305590862e+00,-1.103563066235973888e+00,1.041687388519427326e+00,1.463795578296169353e+00,4.039527124395840829e-01,-1.324104594761898568e+00,-1.222564705300067445e+00,-5.581539186359649740e-01,0.000000000000000000e+00
-1.379802239871789293e+00,9.543963972476268154e-01,-1.219503697252518393e+00,1.831692772306832140e+00,-9.247617092851445619e-02,5.152158333205276719e-01,1.043926261559033897e+00,1.481073534992289886e-01,0.000000000000000000e+00
3.748967787667445428e-01,1.133056294626232141e+00,2.214294762328838928e-01,1.851556095622723497e+00,-6.616942405179107034e-01,-8.216081285513703314e-01,1.185632636790882266e+00,-8.325511303515451544e-01,0.000000000000000000e+00
1.755993984511166506e+00,1.983495128839136701e+00,3.761501043833792579e-01,-7.788578604095475200e-02,-1.940973562362409144e+00,-1.312229937488734510e+00,4.371225029876759649e-01,4.597827307553510323e-01,1.000000000000000000e+00
7.962336155692137929e-01,1.017801297824009410e+00,-1.919813138499643301e+00,-4.682801914170062751e-01,1.543427353765557619e+00,-8.474725990568412470e-01,5.900835293052386632e-02,-1.806072555949649328e+00,1.000000000000000000e+00
1.874003139945821683e+00,-1.302475929982975789e+00,-1.631723226406029070e+00,-9.647321780740485409e-01,-1.601127052408104490e+00,-9.843060721565133342e-01,-1.302195004160817682e-01,6.125329372529044747e-01,1.000000000000000000e+00
1.677723312160119828e+00,7.565698521814989697e-01,-5.079426784954867991e-01,1.221784658670719281e-01,-1.312775737924158470e+00,-1.190420277362214119e+00,-3.671454488126726368e-01,-2.473672633352177463e-01,1.000000000000000000e+00
1.377659994968348567e+00,-1.423758770454269129e+00,-1.860575384140432220e+00,-1.435555834954857612e+00,-6.980055024793330176e-01,-2.061920691244845116e-02,-9.846952655665193177e-01,1.656214688194714846e-01,0.000000000000000000e+00
1.103576752814635853e+00,4.347764384704895235e-01,1.219748046080918691e+00,4.728894943430805853e-02,1.359433846649382271e+00,-1.775289383962914247e+00,-1.902533374375149133e+00,6.165932760950436631e-01,0.000000000000000000e+00
-1.600723824604817214e+00,9.490464070294670762e-01,1.639492028391066558e+00,9.823274263780454874e-01,-1.721886919423112339e-01,1.420900495578096834e+00,9.676246850522876031e-01,-1.349851624269520212e+00,1.000000000000000000e+00
8.843530353279542844e-01,-7.068335467092756730e-02,-1.309445769810450244e+00,-6.404632998692987300e-01,-1.302873185896028740e+00,-9.634786848250969093e-01,1.649403356340219950e+00,-8.243915269055430706e-01,1.000000000000000000e+00
1.189831369993985088e+00,-3.975208400681036203e-01,-6.706862920377543169e-01,-1.906429907278506253e+00,7.466570312335871762e-01,9.663545380176095101e-01,-5.376933412721700556e-01,-2.837562332298650958e-01,0.000000000000000000e+00
1.365379010597862042e+00,2.280377459781384175e-01,-1.092509982571827631e+00,2.934805108819071862e-02,-6.128706859532226936e-01,-1.515947047245326029e+00,-2.727943170341706747e-01,-5.332563678935993146e-01,1.000000000000000000e+00
-1.589658291120446876e+00,2.976433500373256713e-01,6.145391952897711896e-01,-5.653048902007116183e-01,-1.798084619171251397e+00,-1.808224845034039241e+00,4.600679855832465748e-01,1.853452779425300623e+00,1.000000000000000000e+00
-5.996811811945605974e-01,6.398858008441532519e-03,-7.169613923435091962e-02,-3.959961243904341899e-01,-1.903921744715179276e+00,1.134022565523288950e+00,-1.220447308990867175e+00,-4.206739336898817072e-01,1.000000000000000000e+00
-6.391323894364799862e-01,-5.676816543202551912e-01,1.678984801960575091e+00,-1.118796675920784356e+00,-1.713107155199407927e+00,1.292618571871110955e+00,-5.218000666647744090e-01,-5.949329671547611831e-01,1.000000000000000000e+00
3.186239140491418098e-01,1.286475881012889566e-01,1.860170957301764627e+00,-1.893297130619768787e-01,3.052602100370154226e-01,1.618921336385409138e+00,-8.335649205315802668e-01,3.407760401613058043e-01,1.000000000000000000e+00
-1.627207771180657847e+00,4.667805928073942567e-02,-1.179088039093845186e+00,3.545786360406033566e-02,-1.690314009116073546e+00,-6.139394739091703634e-01,1.739015912700270228e-01,-1.937533711747838172e+00,1.000000000000000000e+00
3.407934914150660966e-01,-7.249056502112618539e-01,1.510340252260025995e+00,1.003684021822653705e+00,-8.078057895640760044e-01,-1.691338407001353961e+00,-1.792014032937943480e+00,1.909655691686605650e+00,0.000000000000000000e+00
-5.795359769529806471e-01,1.865686697863035981e-01,-5.091588900682784136e-01,5.055686131016803309e-01,-1.226523282223248135e+00,7.961360073103023183e-01,-5.584588274945407882e-01,-1.809326401335740186e+00,1.000000000000000000e+00
1.876019779208627725e+00,1.439071869421262306e-01,9.841163259596541479e-01,-5.757482082522189515e-01,1.335374427286834642e+00,1.561105540011218817e+00,1.539494519753952240e-01,1.387697690751536594e+00,1.000000000000000000e+00
1.391432101428008217e+00,-8.149859649792143834e-01,-6.195894481945516397e-01,-1.306729037562708307e-01,6.896288656193578781e-01,1.786142116972169624e+00,-1.525846155077221766e-01,1.306679106409263103e+00,1.000000000000000000e+00
-1.088703265825013755e+00,1.733495712374075737e+00,-1.232811769381614742e+00,-1.854205743939708384e+00,-1.738928643888316472e+00,-1.028321272276820686e+00,-1.353613878442289753e+00,1.395368970266219311e+00,0.000000000000000000e+00
1.715513508213193372e+00,-3.807589244582176846e-01,2.295985468008572283e-01,9.966717938076827821e-01,3.492908616756662532e-01,1.356310527176916914e+00,1.404748126617377135e+00,1.361279055985115338e+00,1.000000000000000000e+00
-1.722242888140266714e+00,1.807764776433410603e+00,-6.733655797988498115e-01,-1.844288013066809118e+00,-1.298222514203717814e+00,-1.282500331616267975e+00,-6.815510586094908341e-01,1.528066482921575098e+00,0.000000000000000000e+00
1.729910696897444478e+00,1.200127573701383454e+00,1.736866597305222637e+00,1.727521989507174283e+00,1.349772559959010021e+00,2.389512946107124058e-01,1.959574842401356598e+00,1.642687776624611740e+00,0.000000000000000000e+00
1.900748010155437040e+00,1.103050768228214018e+00,1.928466410942837328e-01,-1.290373974123664613e+00,-1.332830250665665073e+00,-1.758725267669678516e-01,1.417663090278902249e+00,-5.267840432428441133e-01,1.000000000000000000e+00
1.492014508318916466e+00,-4.449458457093822261e-01,2.794775434481118204e-01,1.297213163393518442e+00,8.539339885282384301e-01,-1.618389736823072411e+00,1.363591869551983304e+00,-1.076423780533848351e-01,0.000000000000000000e+00
1.843496724433698386e+00,-1.867263101460717056e+00,1.496911213088413017e+00,1.331661139327700916e+00,1.141430962321191789e+00,2.521080803798758652e-01,1.654866048184611582e+00,-6.122867992814997606e-01,1.000000000000000000e+00
-6.651444096411491813e-01,-1.033617853841723111e+00,-1.266990995608582082e+00,-6.899598131098851894e-01,-1.877763765484537828e+00,3.391914938560804949e-01,-1.801346403861692647e+00,1.064531520709502299e+00,0.000000000000000000e+00
-1.792862438775334244e+00,-1.158399574827020384e+00,-1.471789258008707080e+00,-1.386451851624438625e+00,-1.637917742426026724e+00,1.429357097942097976e+00,-7.224198250612077210e-01,1.154036951693576452e+00,0.000000000000000000e+00
-6.450707372777304549e-01,8.130319304415265513e-01,-1.050905606176759655e-01,-1.489893682878680181e-01,-1.215498628420645488e+00,-8.144754924985320166e-01,-1.874615239590449622e+00,1.018270833550098953e+00,0.000000000000000000e+00
1.902089652918104612e+00,4.153748448934844184e-01,-1.159483664958669280e-01,-1.474507807756243238e+00,1.434784206404353668e-01,-1.105895387921757234e+00,-1.066241984728593106e+00,-6.862694508961211248e-01,0.000000000000000000e+00
4.877839998965853852e-01,-1.778224737844976922e+00,1.014336182782694884e+00,1.587050152981456463e+00,-1.178324790761357210e+00,9.683362631450407321e-01,8.292787462973287838e-01,1.113971124556501824e+00,0.000000000000000000e+00
1.636678919730782944e+00,-1.872559660786040858e+00,1.400868403424260222e+00,1.037946617130625970e+00,-1.736347120123129972e+00,-2.401873631832311951e-01,3.569249128724636400e-01,1.674016284173172053e-01,1.000000000000000000e+00
6.088738051023661058e-01,-1.610446924951157932e+00,1.382524947986971231e+00,-7.631687116662910775e-01,6.798862861434273874e-01,1.422878547891270884e-02,1.737120763192936845e+00,-1.615216316592388512e+00,1.000000000000000000e+00
1.975555347379458926e+00,1.380907729782605120e+00,1.802176271958030540e+00,5.682429738680041531e-01,-1.519386630897280099e+00,1.878865184747072981e+00,2.000606481647126955e-01,-1.738681284104257152e+00,1.000000000000000000e+00
1.736795901541374310e+00,4.814514387277197827e-01,3.593111220254119331e-01,4.243057729341863649e-01,1.851151303698382211e+00,-1.305640104701698778e+00,-6.381524792384865030e-01,7.056249907221117112e-01,1.000000000000000000e+00
2.374717775440338130e-01,1.985516065180811474e+00,-9.178532673356065708e-01,1.623672537448191733e+00,-1.332230413974215821e-01,-5.633369143594526562e-01,-5.669735906534500991e-01,1.853302029055208688e+00,0.000000000000000000e+00
-1.134634960953144756e+00,-1.098893933705971548e+00,-1.950111485262057354e+00,1.106867542888870126e+00,-2.563424803140406105e-01,3.409129800862715776e-01,-1.236646132099057382e+00,3.971610091239976548e-01,0.000000000000000000e+00
-5.742970164702385638e-01,-9.395613832062745807e-01,1.578615688979138731e+00,-1.892031262685633042e+00,1.749052102069121872e+00,-2.989641352116043649e-01,9.218377911423467630e-01,-1.948097151535964855e+00,0.000000000000000000e+00
6.031615935339367240e-01,-1.343193664539380716e+00,-1.028907751760622880e+00,1.189781691674293818e+00,1.457625361607326475e-01,1.089462061029612627e+00,-7.116672441995146592e-01,-1.519051844208566759e+00,0.000000000000000000e+00
-1.101278907520104156e+00,-1.140666890497203934e+00,-9.216782432671757341e-01,-6.651261652837319183e-01,-1.009598438129372333e+00,-1.109226174970015411e+00,9.207366117484943047e-01,-1.439591242136325722e+00,1.000000000000000000e+00
5.575442360614166759e-01,1.874626738097101786e+00,-1.867421620417126782e+00,1.258530674810734329e+00,-6.043789231123608552e-01,1.348399399290906686e+00,-1.902103204482998855e-01,1.379319011373718151e+00,1.000000000000000000e+00
-1.598381498757477370e+00,-1.138900965490861061e-01,-1.901203141383006390e+00,-9.850041509902585091e-01,1.634966022754694048e+00,1.760596777455691431e+00,3.111440017547195680e-01,1.022773999327990069e+00,1.000000000000000000e+00
-9.566045001375704793e-01,-1.246337583420640271e-01,1.069370809119188692e+00,-1.503871952693897285e+00,-2.753365997517533970e-01,1.016803112532775000e+00,2.304432918012233600e-01,3.967990477194121013e-01,0.000000000000000000e+00
5.205218714520434276e-01,1.052120198732977130e+00,1.621102380678661081e+00,1.584267793572128546e+00,1.676646628110344039e+00,-1.772603160266954969e+00,-5.445766764027926143e-01,-1.802296626820380165e+00,0.000000000000000000e+00
-2.874881097305119759e-01,2.669796710097456227e-01,-1.215033145399404990e+00,-1.882300423293032932e+00,-7.566660206782964693e-01,3.992806993255459957e-02,8.297565473524413093e-01,-9.541428354523207034e-02,0.000000000000000000e+00
1.737319907762647553e+00,9.480304363476497187e-01,-1.284012036892590025e-01,1.863704344864010043e+00,-7.779497930472940581e-01,-7.353278390611572846e-02,-1.475805908099493191e+00,1.941428815171435396e-01,0.000000000000000000e+00
1.132077672778790678e+00,2.967821958854339748e-01,-2.398341604040821196e-01,-1.557016977947661474e+00,-2.004177183437900744e-01,-1.355722580204701266e-01,8.008977885967532018e-01,7.623168734844965044e-02,0.000000000000000000e+00
-1.961491553006291078e+00,-3.122352561254864156e-01,-1.984646086579651136e+00,-9.533388179031030418e-01,-1.223403260619115862e+00,-5.266045165242374537e-01,9.538208600187001451e-01,1.383798564710409185e+00,1.000000000000000000e+00
-1.194098487806448006e+00,-6.738745679693982638e-01,3.593143335399857641e-01,-1.940598791462905037e+00,1.057545566443821805e+00,-1.433211435967547853e+00,3.280016421600837617e-01,1.915705245993257755e+00,0.000000000000000000e+00
6.485266157628859496e-01,1.488297583548503056e+00,6.420039013349625456e-01,-5.147773136851174769e-02,-1.715929815059175301e+00,-5.811204373399370127e-02,-1.815598047550615046e+00,6.529393193489805292e-01,0.000000000000000000e+00
-1.339392384131030234e+00,1.896327814215584162e+00,7.703932353099927077e-01,-3.881939392596862604e-01,1.865448585767505385e+00,-2.789239416759681234e-03,1.497983528100660600e+00,3.750604328991564707e-01,1.000000000000000000e+00
-1.345741615964069826e+00,-5.337371116121438774e-01,-1.313490247420764589e+00,1.646178024320465116e+00,-1.979401148340786953e-01,-1.554858227522240011e+00,-1.089386129918655577e+00,-9.396155376664827585e-01,0.000000000000000000e+00
-5.380345481865043133e-01,-3.556041800473828118e-01,-1.253321403705527359e+00,-4.320153181197494696e-01,-1.202036868217266186e+00,1.593642283751137256e+00,6.719687095804025567e-01,-1.917322423443454937e+00,1.000000000000000000e+00
9.752856734247528081e-01,1.605503248372586178e+00,-1.698813762165257479e+00,-1.113704152736507691e+00,-1.562448916022569634e-01,-6.342870985331958700e-01,-1.641889451397094746e+00,2.331037143488230434e-01,0.000000000000000000e+00
1.604397907651783139e+00,5.025822888129307664e-01,2.809241573142782222e-01,1.256057817491244233e+00,1.956009118962620974e+00,9.170923412333804592e-01,3.360911084611788446e-01,-1.412603081491885515e+00,0.000000000000000000e+00
-1.762290352200261978e+00,9.070439336241835626e-01,-8.038409440577978238e-01,9.434736460840049688e-01,1.066398646356306656e+00,9.176176626686314286e-01,-6.183751725714792258e-02,1.039769083163369245e+00,1.000000000000000000e+00
1.225463020623810184e+00,-1.797995077231320682e+00,-1.343783721162310041e+00,2.299423256958017525e-01,-1.816475536883084718e+00,-5.108831826083637395e-02,4.043605177013143148e-01,3.805272595678874659e-01,1.000000000000000000e+00
-1.758347838682414288e+00,-4.896649813162752274e-01,-8.402099072811717306e-01,-1.958599698956597912e-01,-1.114277145922022427e+00,1.776467756674734666e+00,1.724678168761362151e+00,-7.182836386392090766e-01,1.000000000000000000e+00
-1.450100816251822966e+00,-1.300306000955029795e+00,-6.856333177224458453e-01,1.325044396214016817e+00,9.031377237839732786e-01,9.531585890237304071e-02,1.368034975484812676e+00,-1.954592970274697805e+00,0.000000000000000000e+00
2.949716043076260341e-01,1.847400579467892712e+00,1.766859263638931310e-02,8.371736745079627617e-01,1.450715217527524636e+00,1.655624157168669175e+00,-7.450303150635377847e-01,-6.098218897770619762e-01,1.000000000000000000e+00
-1.163746302190442616e+00,-1.877381071425601178e-01,7.351689748776983890e-01,-3.064022846531631039e-01,-3.338392714584532683e-01,5.560053434901091052e-02,-1.560111685715256602e+00,-1.361242959369709737e+00,0.000000000000000000e+00
